"Name","Character","Model","GadgetModel","PortraitCameraFile","IntroCameraFile","MirrorIntro","IdleAnim","WalkAnim","PrimarySkillAnim","SecondarySkillAnim","PrimarySkillRecoilAnim","PrimarySkillRecoilAnim2","SecondarySkillRecoilAnim","SecondarySkillRecoilAnim2","ReloadingAnim","PushbackAnim","HappyAnim","HappyLoopAnim","SadAnim","SadLoopAnim","HeroScreenIdleAnim","HeroScreenAnim","HeroScreenLoopAnim","SignatureAnim","HappyEnterAnim","SadEnterAnim","ProfileAnim","IntroAnim","BossAutoAttackAnim","BossAutoAttackRecoilAnim","BossAutoAttackRecoilAnim2","GadgetActiveAnim","GadgetRecoilAnim","IdleFace","WalkFace","HappyFace","HappyLoopFace","SadFace","SadLoopFace","HeroScreenIdleFace","HeroScreenFace","HeroScreenLoopFace","SignatureFace","ProfileFace","IntroFace","HappyEffect","SadEffect","PetInSameSprite","AttackLocksAttackAngle","UltiLocksAttackAngle","MainAttackProjectile","UltiProjectile","MainAttackEffect","UltiAttackEffect","UseBlueTextureInMenus","MainAttackUseEffect","UltiUseEffect","UltiEndEffect","MeleeHitEffect","SpawnEffect","UltiLoopEffect","UltiLoopEffect2","AreaEffect","AreaEffectStarPower","SpawnedItem","KillCelebrationSoundVO","InLeadCelebrationSoundVO","StartSoundVO","UseUltiSoundVO","TakeDamageSoundVO","DeathSoundVO","AttackSoundVO","BoneEffect1","BoneEffect2","BoneEffect3","BoneEffect4","BoneEffectUse","AutoAttackProjectile","ProjectileForShockyStarPower","IncendiaryStarPowerAreaEffect","MoveEffect","StillEffect","ChargedShotEffect","DisableHeadRotation"
"string","string","string","string","string","string","boolean","string","string","string","string","string","string","string","string","string","string","string","string","string","string","string","string","string","string","string","string","string","string","string","string","string","string","string","string","string","string","string","string","string","string","string","string","string","string","string","string","string","boolean","boolean","boolean","string","string","string","string","boolean","string","string","string","string","string","string","string","string","string","string","string","string","string","string","string","string","string","string","string","string","string","string","string","string","string","string","string","string","boolean"
"BanditGirlDefault","ShotgunGirl","shelly_geo.scw",,"shelly_base_cam.scw","shelly_intro_pose.scw",,"ShellyIdle","ShellyWalk","ShellyPrimary","ShellySecondary","ShellyRecoil",,"ShellyRecoil",,"ShellyReload","ShellyPushback","ShellyWin","ShellyWinloop","ShellyLose","ShellyLoseloop","ShellyIdle","ShellyWin","ShellyWinloop","ShellyWin","ShellyIdle","ShellyIdle","ShellyProfile","ShellyIntro",,,,,,,,,,,,,,,,,,,,,"true","true",,,,,,,,,,,,,,,,,,,,,,,,,,,,,,,,,,
"GunSlingerDefault","Gunslinger","colt_geo.scw",,"colt_base_cam.scw","emz_intro_pose.scw",,"GunslingerIdle","GunslingerWalk","GunslingerPrimary","GunslingerSecondary","GunslingerRecoil","GunslingerRecoil2","GunslingerRecoil","GunslingerRecoil2","GunslingerReload","GunslingerPushback","GunslingerWin","GunslingerWinloop","GunslingerLose","GunslingerLoseloop","GunslingerIdle","GunslingerWin","GunslingerWinloop","GunslingerWin","GunslingerIdle","GunslingerIdle","GunslingerProfile","GunslingerProfile",,,,,,,,,,,,,,,,,,,,,,,,,,,,,,,,,,,,,,,,,,,,,,,,,,,,,,,,
"GunSlingerRockstar","Gunslinger","colt_rockstar_geo.scw",,"colt_base_cam.scw","emz_intro_pose.scw",,"GunslingerIdle","GunslingerWalk","GunslingerPrimary","GunslingerSecondary","GunslingerRecoil","GunslingerRecoil2","GunslingerRecoil","GunslingerRecoil2","GunslingerReload","GunslingerPushback","GunslingerWin","GunslingerWinloop","GunslingerLose","GunslingerLoseloop","GunslingerIdle","GunslingerWin","GunslingerWinloop","GunslingerWin","GunslingerIdle","GunslingerIdle","GunslingerProfile","GunslingerProfile",,,,,,,,,,,,,,,,,,,,,,,,,,,,,,,,,,,,,,,,,,,,,,,,,,,,,,,,
"BullGuyDefault","BullDude","bull_geo.scw",,"bull_base_cam.scw","emz_intro_pose.scw",,"BullRockIdle","BullRockWalk","BullRockPrimary","BullRockSecondary","BullRockRecoil",,"BullRockRecoil",,"BullRockReload","BullRockPushback","BullRockWin","BullRockWinloop","BullRockLose","BullRockLoseloop","BullRockIdle","BullRockWin","BullRockWinloop","BullRockWin","BullRockIdle","BullRockIdle","BullRockProfile","BullRockProfile",,,,,,,,,,,,,,,,,,,,,"true",,,,,,,,,,,,,,,,,,,,,,,,,,,,,,,,,,,
"RocketGirlDefault","RocketGirl","brock_geo.scw",,"brock_base_cam.scw","emz_intro_pose.scw",,"BrockIdle","BrockWalk","BrockPrimary","BrockSecondary","BrockRecoil",,"BrockRecoil2",,"BrockIdle","BrockPushback","BrockWin","BrockWinloop","BrockLose","BrockLoseloop","BrockIdle","BrockWin","BrockWinloop","BrockWin","BrockIdle","BrockIdle","BrockProfile","BrockProfile",,,,,,,,,,,,,,,,,,,,,,,,,,,,,,,,,,,,,,,,,,,,,,,,,,,,,,,,
"RocketGirlBeach","RocketGirl","brock_beach_geo.scw",,"brock_base_cam.scw","emz_intro_pose.scw",,"BrockIdle","BrockWalk","BrockPrimary","BrockSecondary","BrockRecoil",,"BrockRecoil2",,"BrockIdle","BrockPushback","BrockWin","BrockWinloop","BrockLose","BrockLoseloop","BrockIdle","BrockWin","BrockWinloop","BrockWin","BrockIdle","BrockIdle","BrockProfile","BrockProfile",,,,,,,,,,,,,,,,,,,,,,,"Brock004Projectile","Brock004UltiProjectile","beach_brock_def_atk","beach_brock_def_ulti",,,,,,,,,,,,,,,,,,,,,,,,,,"BurnMainAttackWater",,,,
"TntGuyDefault","TntDude","dynamike_geo.scw",,"dynamike_base_cam.scw","emz_intro_pose.scw",,"TntguyIdle","TntguyWalk","TntguyPrimary","TntguySecondary","TntguyRecoil",,"TntguyUlti",,"TntguyReload","TntguyPushback","TntguyWin","TntguyWinloop","TntguyLose","TntguyLoseloop","TntguyIdle","TntguyWin","TntguyWinloop","TntguyWin","TntguyIdle","TntguyIdle","TntguyProfile","TntguyProfile",,,,,,,,,,,,,,,,,,,,,"true","true",,,,,,,,,,,,,,,,,,,,,,,,,,,,,,,,,,
"LuchadorDefault","Luchador","primo_geo.scw",,"primo_portrait.scw","primo_intro_pose.scw",,"LouchadorIdle","LouchadorWalk","LouchadorPrimary","LouchadorSecondary","LouchadorRecoil","LouchadorRecoil2","LouchadorRecoil",,,"LouchadorPushback","LouchadorWin","LouchadorWinloop","LouchadorLose","LouchadorLoseloop","LouchadorIdle","LouchadorWin","LouchadorWinloop","LouchadorWin","LouchadorIdle","LouchadorIdle","LouchadorProfile","LouchadorIntro",,,,"LouchadorGadgetFlipPrimary","LouchadorGadgetFlipRecoil",,,,,,,,,,,,,,,,,,,,,,,,,,,,,,,,,,,,,,,,,,,,,,,,,,,
"TurretDefault","MechanicTurret","turret_jessie_geo.scw",,"portrait_cam.scw","emz_intro_pose.scw",,"Turret","Turret","Turret","Turret","TurretAttack",,"Turret",,"Turret","TurretIdle","TurretSpawn","TurretIdle",,"TurretIdle","Turret","TurretSpawn","TurretIdle",,"TurretIdle","TurretIdle","Turret","Turret",,,,,,,,,,,,,,,,,,,,,,,"Barley002Projectile",,,,,,,,,,,,,,,,,,,,,,,,,,,,,,,,,
"TrickshotDefault","TrickshotDude","rico_geo.scw",,"rico_base_cam.scw","emz_intro_pose.scw",,"RicoIdle","RicoWalk","RicoPrimary","RicoSecondary","RicoRecoil",,"RicoRecoil",,"RicoReload","RicoPushback","RicoWin","RicoWinloop","RicoLose","RicoLoseloop","RicoIdle","RicoWin","RicoWinloop","RicoWin","RicoIdle","RicoIdle","RicoProfile","RicoProfile",,,,,,,,,,,,,,,,,,,,,,,,,,,,,,,,,,,,,,,,,,,,,,,,,,,,,,,,
"CactusDefault","Cactus","spike_geo.scw",,"spike_base_cam.scw","emz_intro_pose.scw",,"SpikeIdle","SpikeWalk","SpikePrimary","SpikeSecondary","SpikeRecoil",,"SpikeRecoil2",,"SpikeReload","SpikeIdle","SpikeWin","SpikeWinloop","SpikeLose","SpikeLoseloop","SpikeIdle","SpikeWin","SpikeWinloop","SpikeWin","SpikeIdle","SpikeIdle","SpikeProfile","SpikeProfile",,,,,,,,,,,,,,,,,,,,,,,,,,,,,,,,,,,,,,,,,,,,,,,,,,,,,,,,
"CactusPink","Cactus","spike_blossom_geo.scw",,"spike_base_cam.scw","emz_intro_pose.scw",,"SpikeIdle","SpikeWalk","SpikePrimary","SpikeSecondary","SpikeRecoil",,"SpikeRecoil2",,"SpikeReload","SpikeIdle","SpikeWin","SpikeWinloop","SpikeLose","SpikeLoseloop","SpikeIdle","SpikeWin","SpikeWinloop","SpikeWin","SpikeIdle","SpikeIdle","SpikeProfile","SpikeProfile",,,,,,,,,,,,,,,,,,,,,,,"Spike002Projectile","Spike002UltiProjectile","spike_002_atk","spike_002_ulti",,,,,,,,,,,,,,,,,,,,,,,,,,,,,,
"BarkeepDefault","Barkeep","barkeep_geo.scw",,"barley_base_cam.scw","barley_intro_pose.scw",,"BarkeepIdle","BarkeepWalk","BarkeepPrimary","BarkeepSecondary","BarkeepRecoil",,"BarkeepRecoil",,"BarkeepReload","BarkeepPushback","BarkeepWin","BarkeepWinloop","BarkeepLose","BarkeepLoseloop","BarkeepWinidleloop","BarkeepWin","BarkeepWinidleloop","BarkeepWin","BarkeepIdle","BarkeepIdle","BarkeepProfile","BarkeepIntro",,,,,,,,,,,,,,,,,,,,,,,,,,,,,,,,,,,,,,,,,,,,,,,,,,,,,,,,
"MechanicDefault","Mechanic","jessie_geo.scw:jessie_main+jessie_gun+jessie_hat+jessie_backpack",,"jessie_base_cam.scw","emz_intro_pose.scw",,"JunkerIdle","JunkerWalk","JunkerPrimary","JunkerUltiAttack","JunkerRecoil",,"JunkerUltiRecoil",,"JunkerReload","JunkerPushback","JunkerWin","JunkerWinloop","JunkerLose","JunkerLoseloop","JunkerIdle","JunkerWin","JunkerWinloop","JunkerWin","JunkerIdle","JunkerIdle","JunkerProfile","JunkerProfile",,,,,,"JunkerFace","JunkerFace","JunkerFace","JunkerDreamyFace","JunkerDreamyFace","JunkerDreamyFace","JunkerFace","JunkerFace","JunkerDreamyFace","JunkerFace","JunkerStillFace","JunkerFace",,,,,,,,,,,,,,,,,,,,,,,,,,,,,,,,,,,,,,,
"ShamanDefault","Shaman","nita_geo.scw",,"nita_base_cam.scw","emz_intro_pose.scw",,"ShamanIdle","ShamanWalk","ShamanAttack","ShamanSecondary","ShamanRecoil",,"ShamanRecoil",,"ShamanReload","ShamanPushback","ShamanWin","ShamanWinloop","ShamanLose","ShamanLoseloop","ShamanIdle","ShamanWin","ShamanWinloop","ShamanWin","ShamanIdle","ShamanIdle","ShamanProfile","ShamanProfile",,,,,,,,,,,,,,,,,,,,,,,,,,,,,,,,,,,,,,,,,,,,,,,,,,,,,,,,
"ShamanPanda","Shaman","nita_geo.scw",,"nita_base_cam.scw","emz_intro_pose.scw",,"ShamanIdle","ShamanWalk","ShamanAttack","ShamanSecondary","ShamanRecoil",,"ShamanRecoil",,"ShamanReload","ShamanPushback","ShamanWin","ShamanWinloop","ShamanLose","ShamanLoseloop","ShamanIdle","ShamanWin","ShamanWinloop","ShamanWin","ShamanIdle","ShamanIdle","ShamanProfile","ShamanProfile",,,,,,,,,,,,,,,,,,,,,,,,,,,,,,,,,,,,,,,,,,,,,,,,,,,,,,,,
"ShamanBearDefault","ShamanPet","nita_bear_geo.scw",,"portrait_cam.scw","emz_intro_pose.scw",,"BearShibaIdle","BearWalk","BearAttack","BearShibaIdle","BearRecoil",,"BearShibaIdle",,"BearShibaIdle","BearPushback","BearShibaIdle","BearShibaIdle","BearShibaIdle","BearShibaIdle","BearShibaIdle","BearShibaIdle","BearShibaIdle","BearShibaIdle","BearShibaIdle","BearShibaIdle","BearShibaIdle","BearShibaIdle",,,,,,,,,,,,,,,,,,,,,,,,,,,,,,,,,,,,,,,,,,,,,,,,,,,,,,,,
"ShamanBearPanda","ShamanPet","nita_bear_geo.scw",,"portrait_cam.scw","emz_intro_pose.scw",,"BearShibaIdle","BearWalk","BearAttack","BearShibaIdle","BearRecoil",,"BearShibaIdle",,"BearShibaIdle","BearPushback","BearShibaIdle","BearShibaIdle","BearShibaIdle","BearShibaIdle","BearShibaIdle","BearShibaIdle","BearShibaIdle","BearShibaIdle","BearShibaIdle","BearShibaIdle","BearShibaIdle","BearShibaIdle",,,,,,,,,,,,,,,,,,,,,,,,,,,,,,,,,,,,,,,,,,,,,,,,,,,,,,,,
"UndertakerDefault","Undertaker","mortis_geo.scw:headGeo+hairGeo+cloakGeo+armsGeo+torsoGeo+capeGeo+capeGeo1+legsGeo+shoesGeo+lanternGeo+shovelGeo+shovelsmearGeo",,"mortis_base_cam.scw","emz_intro_pose.scw",,"UndertakerIdle","UndertakerWalk","UndertakerAttack","UndertakerUltiAttack","UndertakerRecoil1",,"UndertakerUltiRecoil1",,,"UndertakerPushback","UndertakerWin","UndertakerWinloop","UndertakerLose","UndertakerLoseloop","UndertakerIdle","UndertakerWin","UndertakerWinloop","UndertakerWin","UndertakerIdle","UndertakerIdle","UndertakerProfile","UndertakerProfile",,,,,,"MortisWinloop","MortisFace","MortisWin","MortisWinloop","MortisFace","MortisFace","MortisFace","MortisWin","MortisWinloop","MortisFace","MortisFace","MortisWinloop",,,,"true","true",,,,,,,,,,,,,,,,,,,,,,,,,,,,,,,,,,
"CrowDefault","Crow","crow_geo.scw:crow_accessories1+crow_body1+crow_boots1+crow_hands1+crow_head1",,"crow_base_cam.scw","emz_intro_pose.scw",,"CrowIdle","CrowWalk","CrowPrimary","CrowSecondary","CrowRecoil",,"CrowIdle",,"CrowReload","CrowPushback","CrowWin","CrowWinloop","CrowLose","CrowLoseloop","CrowIdle","CrowWin","CrowWinloop","CrowWin","CrowIdle","CrowIdle","CrowProfile","CrowProfile",,,,,,"CrowFace","CrowFace","CrowFace","CrowFace","CrowFace","CrowFace","CrowFace","CrowFace","CrowFace","CrowFace","CrowFace","CrowFace",,,,,,,,,,,,,,,,,,,,,,,,,,,,,,,,,,,,,,,
"CrowWhite","Crow","crow_geo.scw:crow_accessories1+crow_body1+crow_boots1+crow_hands1+crow_head1",,"crow_base_cam.scw","emz_intro_pose.scw",,"CrowIdle","CrowWalk","CrowPrimary","CrowSecondary","CrowRecoil",,"CrowIdle",,"CrowReload","CrowPushback","CrowWin","CrowWinloop","CrowLose","CrowLoseloop","CrowIdle","CrowWin","CrowWinloop","CrowWin","CrowIdle","CrowIdle","CrowProfile","CrowProfile",,,,,,"CrowFace","CrowFace","CrowFace","CrowFace","CrowFace","CrowFace","CrowFace","CrowFace","CrowFace","CrowFace","CrowFace","CrowFace",,,,,,,,,,,,,,,,,,,,,,,,,,,,,,,,,,,,,,,
"DeadMariachiDefault","DeadMariachi","poco_geo.scw",,"poco_base_cam.scw","emz_intro_pose.scw",,"PocoIdle","PocoWalk","PocoAttack","PocoSecondary","PocoRecoil",,"PocoRecoil",,"PocoReload","PocoPushback","PocoWin","PocoWinloop","PocoLose","PocoLoseloop","PocoIdle","PocoWin","PocoWinloop","PocoWin","PocoIdle","PocoIdle","PocoProfile","PocoProfile",,,,,,,,,,,,,,,,,,,,,,,,,,,,,,,,,,,,,,,,,,,,,,,,,,,,,,,,
"BowDudeDefault","BowDude","bo_geo.scw",,"bo_base_cam.scw","emz_intro_pose.scw",,"BowGuyIdle","BowGuyWalk","BowGuyAttack","BowGuySecondary","BowGuyRecoil",,"BowGuyRecoil2",,,"BowGuyIdle","BowGuyWin","BowGuyWinloop","BowGuyLose","BowGuyLoseloop","BowGuyIdle","BowGuyWin","BowGuyWinloop","BowGuyWin","BowGuyIdle","BowGuyIdle","BowGuyProfile","BowGuyProfile",,,,,,,,,,,,,,,,,,,,,,,,,,,"true",,,,,,,,,,,,,,,,,,,,,,,,,,,,,
"SniperDefault","Sniper","piper_geo.scw","piper_gadget_pistol_geo.scw","piper_portrait.scw","emz_intro_pose.scw",,"SniperIdle","SniperWalk","SniperAttack","SniperSecondary","SniperRecoil",,"SniperRecoil",,"SniperReload","SniperPushback","SniperWin","SniperWinloop","SniperLose","SniperLoseloop","SniperIdle","SniperWin","SniperWinloop","SniperWin","SniperIdle","SniperIdle","SniperProfile","SniperProfile",,,,"SniperGadgetPistolAttack","SniperGadgetPistolRecoil","PiperIdleOpen","PiperIdleOpen","PiperWin","PiperWinLoop","PiperIdleClosed","PiperIdleClosed","PiperIdleClosed","PiperWin","PiperWinLoop","PiperIdleClosed","PiperIdleClosed","PiperIdleOpen",,,,"true",,,,,,,,,,,,,,,,,,,,,,,,,,,,,,,,,,,
"MinigunDudeDefault","MinigunDude","pam_geo.scw",,"pam_base_cam.scw","emz_intro_pose.scw",,"PamIdle","PamWalk","PamAttack","PamSecondary","PamRecoil",,"PamSecondaryRecoil",,"PamReload","PamPushback","PamWin","PamWinloop","PamLose","PamLoseloop","PamIdle","PamWin","PamWinloop","PamWin","PamIdle","PamIdle","PamPortrait","PamPortrait",,,,,,"PamFace","PamFace","PamHappy","PamFace","PamFace","PamFace","PamFace","PamHappy","PamFace","PamFace","PamFace","PamFace",,,,"true","true",,,,,,,,,,,,,,,,,,,,,,,,,,,,,,,,,,
"BullGuyHair","BullDude","bull_viking_geo.scw",,"bull_base_cam.scw","emz_intro_pose.scw",,"BullVikingIdle","BullVikingWalk","BullVikingPrimary","BullVikingSecondary","BullVikingRecoil",,"BullVikingRecoil",,"BullVikingIdle","BullVikingPushback","BullVikingWin","BullVikingWinloop","BullVikingLose","BullVikingLoseloop","BullVikingIdle","BullVikingWin","BullVikingWinloop","BullVikingWin","BullVikingIdle","BullVikingIdle","BullGuyHairProfile","BullGuyHairProfile",,,,,,,,,,,,,,,,,,,,,,,,,,,,,,,,,,,,,,,,,,,,,,,,,,,,,,,,
"TrickshotGold","TrickshotDude","rico_gold_geo.scw",,"rico_base_cam.scw","emz_intro_pose.scw",,"RicoGoldIdle","RicoGoldWalk","RicoGoldPrimary","RicoGoldSecondary","RicoGoldRecoil",,"RicoGoldRecoil",,"RicoGoldReload","RicoGoldPushback","RicoGoldWin","RicoGoldWinloop","RicoGoldLose","RicoGoldLoseloop","RicoGoldIdle","RicoGoldWin","RicoGoldWinloop","RicoGoldWin","RicoGoldIdle","RicoGoldIdle","RicoProfile","RicoProfile",,,,,,,,,,,,,,,,,,,,,,,"Rico003Projectile","Rico003UltiProjectile","rico_003_atk","rico_003_ulti",,,,,,,,,,,,,,,,,,,,,,,,,,,,,,
"BarkeepGold","Barkeep","barley_banker_geo.scw",,"barley_base_cam.scw","emz_intro_pose.scw",,"BarkeepBankerIdle","BarkeepBankerWalk","BarkeepBankerPrimary","BarkeepBankerSecondary","BarkeepBankerRecoil",,"BarkeepBankerRecoil",,"BarkeepBankerReload","BarkeepBankerPushback","BarkeepBankerWin","BarkeepBankerWinloop","BarkeepBankerLose","BarkeepBankerLoseloop","BarkeepBankerWinidleloop","BarkeepBankerWin","BarkeepBankerWinidleloop","BarkeepBankerWin","BarkeepBankerIdle","BarkeepBankerIdle","BarkeepBankerProfile","BarkeepBankerProfile",,,,,,,,,,,,,,,,,,,,,,,"Barley003Projectile","Barley003UltiProjectile",,,,,,,,,,,,,,,,,,,,,,,,,,,,,,,,
"LuchadorRudo","Luchador","primo_elrudo_geo.scw",,"primo_elrudo_portrait.scw","emz_intro_pose.scw",,"LouchadorIdle","LouchadorWalk","LouchadorPrimary","LouchadorSecondary","LouchadorRecoil","LouchadorRecoil2","LouchadorRecoil",,,"LouchadorPushback","LuchadorRudoWin","LuchadorRudoWinloop","LouchadorLose","LouchadorLoseloop","LouchadorIdle","LuchadorRudoWin","LuchadorRudoWinloop","LuchadorRudoWin","LouchadorIdle","LouchadorIdle","LouchadorRudoPortrait","LouchadorRudoPortrait",,,,"LouchadorGadgetFlipPrimary","LouchadorGadgetFlipRecoil",,,,,,,,,,,,,,,,,,,,,,,,,,,,,,,,,,,,,,,,,,,,,,,,,,,
"BanditGirlBandita","ShotgunGirl","shelly_bandita_geo.scw",,"shelly_base_cam.scw","emz_intro_pose.scw",,"ShellyBanditaIdle","ShellyBanditaWalk","ShellyBanditaPrimary","ShellyBanditaSecondary","ShellyBanditaRecoil",,"ShellyBanditaRecoil",,"ShellyBanditaReload","ShellyBanditaPushback","ShellyBanditaWin","ShellyBanditaWinloop","ShellyBanditaLose","ShellyBanditaLoseloop","ShellyBanditaIdle","ShellyBanditaWin","ShellyBanditaWinloop","ShellyBanditaWin","ShellyBanditaIdle","ShellyBanditaIdle","ShellyProfile","ShellyProfile",,,,,,,,,,,,,,,,,,,,,,,,,,,,,,,,,,,,,,,,,,,,,,,,,,,,,,,,
"LuchadorRey","Luchador","primo_elrey_geo.scw",,"primo_portrait.scw","emz_intro_pose.scw",,"LuchadorReyIdle","LuchadorReyWalk","LuchadorReyPrimary","LuchadorReySecondary","LuchadorReyRecoil","LuchadorReyRecoil2","LuchadorReyRecoil",,,"LouchadorPushback","LuchadorReyWin","LuchadorReyWinloop","LuchadorReyLose","LuchadorReyLoseloop","LuchadorReyIdle","LuchadorReyWin","LuchadorReyWinloop","LuchadorReyWin","LuchadorReyIdle","LuchadorReyIdle","LouchadorProfile","LouchadorProfile",,,,"LouchadorGadgetFlipPrimary","LouchadorGadgetFlipRecoil","PrimoElreyIdle","PrimoElreyIdle","PrimoElreyIdle","PrimoElreyIdle","PrimoElreyIdle","PrimoElreyIdle","PrimoElreyIdle","PrimoElreyIdle","PrimoElreyIdle","PrimoElreyIdle","PrimoElreyIdle","PrimoElreyIdle",,,,,,,,,,,,,,,,,,,,,,,,,,,,,,,,,,,,,,,
"BallDefault",,"brawl_ball.scw",,"portrait_cam.scw","emz_intro_pose.scw",,,,,,,,,,,,,,,,,,,,,,,,,,,,,,,,,,,,,,,,,,,,,,,,,,,,,,,,,,,,,,,,,,,,,,,,,,,,,,,
"BlackholeDefault","BlackHole","tara_geo.scw",,"tara_base_cam.scw","emz_intro_pose.scw",,"TaraIdle","TaraWalk","TaraPrimary","TaraSecondary","TaraRecoil",,"TaraSecondaryRecoil",,"TaraReload","TaraIdle","TaraWin","TaraWinloop","TaraLose","TaraLoseloop","TaraIdle","TaraWin","TaraWinloop","TaraWin","TaraIdle","TaraIdle","TaraProfile","TaraProfile",,,,,,"TaraFaceIdle","TaraFaceIdle","TaraFaceWin","TaraFaceWinLoop","TaraFaceLose","TaraFaceLoseloop","TaraFaceIdle","TaraFaceIdle","TaraFaceIdle","TaraFaceIdle","TaraFaceIdle","TaraFaceIdle",,,,"true","true",,,,,"true",,,,,,,,,,,,,,,,,,,,,,,,,,,,,
"HealstationDefault","HealingStation","pam_turret_geo.scw",,"portrait_cam.scw","emz_intro_pose.scw",,"PamTurretIdle","PamTurretIdle","PamTurretIdle","PamTurretIdle","PamTurretIdle",,"PamTurretIdle",,"PamTurretIdle","PamTurretIdle","PamTurretSpawn","PamTurretIdle",,"PamTurretIdle","PamTurretIdle",,"PamTurretIdle",,"PamTurretIdle","PamTurretIdle","PamTurretIdle","PamTurretIdle",,,,,,,,,,,,,,,,,,,,,,,,,,,,,,,,,,,,,,,,,,,,,,,,,,,,,,,,
"BarrelbotDefault","BarrelBot","darryl_geo.scw",,"darryl_base_cam.scw","emz_intro_pose.scw",,"DarrylIdle","DarrylWalk","DarrylPrimary","BarrelbotSecondary","DarrylRecoil","DarrylRecoil2","DarrylRecoil",,"DarrylReload","DarrylPushback","BarrelbotWin","BarrelbotWinloop","BarrelbotLose","BarrelbotLoseloop","DarrylIdle","BarrelbotWin","BarrelbotWinloop","BarrelbotWinloop","DarrylHide","DarrylIdle","DarrylProfile","DarrylProfile",,,,,,,,,,,,,,,,,,,,,"true",,,,,,,,,,,,,,,,,,,,,,,,,,,,,,,,,,,
"BlackholePetDefault","BlackHolePet","tara_geo.scw",,"tara_base_cam.scw","emz_intro_pose.scw",,"TaraIdle","TaraWalk","TaraPrimary","TaraSecondary","TaraRecoil",,"TaraSecondaryRecoil",,"TaraReload","TaraIdle","TaraWin","TaraWinloop","TaraLose","TaraLoseloop","TaraIdle","TaraWin","TaraWinloop","TaraWin","TaraIdle","TaraIdle","TaraWin","TaraWin",,,,,,,,,,,,,,,,,,,,,"true","true",,,,,"true",,,,,,,,,,,,,,,,,,,,,,,,,,,,,
"TntPetDefault","TntPet","nita_bear_geo.scw",,"portrait_cam.scw","emz_intro_pose.scw",,"BearShibaIdle","BearWalk","BearAttack","BearShibaIdle","BearRecoil",,"BearShibaIdle",,"BearShibaIdle","BearPushback","BearShibaIdle","BearShibaIdle","BearShibaIdle","BearShibaIdle","BearShibaIdle","BearShibaIdle","BearShibaIdle","BearShibaIdle","BearShibaIdle","BearShibaIdle","BearShibaIdle","BearShibaIdle",,,,,,,,,,,,,,,,,,,,,,,,,,,,,,,,,,,,,,,,,,,,,,,,,,,,,,,,
"RangedBotDefault",,"rangedbot_geo.scw:head+body+Gun",,"portrait_cam.scw","emz_intro_pose.scw",,"RangedBotIdle","RangedBotWalk","RangedBotPrimary","RangedBotSecondary","RangedBotRecoil",,"RangedBotRecoil",,"RangedBotReload","RangedBotPushback","RangedBotWin","RangedBotWinloop","RangedBotLose","RangedBotLoseloop","RangedBotIdle","RangedBotWin","RangedBotWinloop","RangedBotWin","RangedBotIdle","RangedBotIdle","RangedBotIdle","RangedBotIdle",,,,,,,,,,,,,,,,,,,,,,,,,,,,,,,,,,,,,,,,,,,,,,,,,,,,,,,,
"MeleeFastBotDefault",,"fastmeleebot_geo.scw:robo_geo",,"portrait_cam.scw","emz_intro_pose.scw",,"FastMeleeBotIdle","FastMeleeBotWalk","FastMeleeBotIdle","FastMeleeBotIdle","FastMeleeBotRecoil",,"FastMeleeBotRecoil",,,"FastMeleeBotPushback","FastMeleeBotWin","FastMeleeBotWinloop","FastMeleeBotLose","FastMeleeBotLoseloop","FastMeleeBotIdle","FastMeleeBotWin","FastMeleeBotWinloop","FastMeleeBotWin","FastMeleeBotIdle","FastMeleeBotIdle","FastMeleeBotIdle","FastMeleeBotIdle",,,,,,,,,,,,,,,,,,,,,,,,,,,,,,,,,,,,,,,,,,,,,,,,,,,,,,,,
"MeleeBotDefault",,"meleebot_geo.scw:body+head",,"portrait_cam.scw","emz_intro_pose.scw",,"MeleeBotIdle","MeleeBotWalk","MeleeBotIdle","MeleeBotIdle","MeleeBotRecoil","MeleeBotRecoil2","MeleeBotRecoil",,,"MeleeBotPushback","MeleeBotWin","MeleeBotWinloop","MeleeBotLose","MeleeBotLoseloop","MeleeBotIdle","MeleeBotWin","MeleeBotWinloop","MeleeBotWin","MeleeBotIdle","MeleeBotIdle","MeleeBotIdle","MeleeBotIdle",,,,,,,,,,,,,,,,,,,,,,,,,,,,,,,,,,,,,,,,,,,,,,,,,,,,,,,,
"BossBotDefault",,"bossbot_geo.scw:body+head+hands",,"portrait_cam.scw","emz_intro_pose.scw",,"BossBotIdle","BossBotWalk","BossBotIdle","BossBotIdle","BossBotIdle",,"BossBotIdle",,,"BossBotPushback","BossBotWin","BossBotWinloop","BossBotLose","BossBotLoseloop","BossBotIdle","BossBotWin","BossBotWinloop","BossBotWin","BossBotIdle","BossBotIdle","BossBotIdle","BossBotIdle","BossBotIdle","BossBotRecoil","BossBotRecoil2",,,,,,,,,,,,,,,,,,,,,,,,,,,,,,,,,,,,,,,,,,,,,,,,,,,,,
"ArtilleryGalDefault","ArtilleryDude","mari_geo.scw",,"penny_base_cam.scw","emz_intro_pose.scw",,"ArtilleryGalIdle","ArtilleryGalWalk","ArtilleryGalPrimary","ArtilleryGalUltiAttack","ArtilleryGalRecoil",,"ArtilleryGalUltiRecoil",,"ArtilleryGalReload","ArtilleryGalPushback","ArtilleryGalWin","ArtilleryGalWinloop","ArtilleryGalLose","ArtilleryGalLoseloop","ArtilleryGalIdle","ArtilleryGalWin","ArtilleryGalWinloop","ArtilleryGalWin","ArtilleryGalIdle","ArtilleryGalIdle","ArtilleryGalProfile","ArtilleryGalProfile",,,,,,"PennyFace","PennyFace","PennyFace","PennyFace","PennyFace","PennyFace","PennyFace","PennyFace","PennyFace","PennyFace","PennyFace","PennyFace",,,,,,,,,,,,,,,,,,,,,,,,,,,,,,,,,,,,,,,
"FrankDefault","HammerDude","frank_geo.scw",,"frank_base_cam.scw","frank_intro_pose.scw",,"FrankIdle","FrankWalk","FrankPrimary","FrankSecondary","FrankRecoil",,"FrankRecoil2",,"FrankReloading","FrankPushback","FrankWin","FrankWinloop","FrankLose","FrankLoseloop","FrankIdle","FrankWin","FrankWinloop","FrankWin","FrankIdle","FrankIdle","FrankProfile","FrankIntro",,,,,,"FrankIdle","FrankIdle","FrankIdle","FrankIdle","FrankIdle","FrankIdle","FrankIdle","FrankIdle","FrankIdle","FrankIdle","FrankIdle","FrankIdle",,,,,,,,,,,,,,,,,,,,,,,,,,,,,,,,,,,,,,,
"ArtilleryTurretDefault","ArtilleryDudeTurret","turret_geo.scw",,"portrait_cam.scw","emz_intro_pose.scw",,"ArtilleryIdle","ArtilleryIdle","ArtilleryIdle","ArtilleryIdle","ArtilleryAttack",,"ArtilleryIdle",,"ArtilleryIdle","ArtilleryIdle","ArtillerySpawn","ArtilleryIdle",,"ArtilleryIdle","ArtilleryIdle","ArtillerySpawn","ArtilleryIdle",,"ArtilleryIdle","ArtilleryIdle","ArtilleryIdle","ArtilleryIdle",,,,,,,,,,,,,,,,,,,,,,,,,,,,,,,,,,,,,,,,,,,,,,,,,,,,,,,,
"MechanicKnight","Mechanic","jessie_knight_geo.scw",,"jessie_base_cam.scw","emz_intro_pose.scw",,"JunkerKnightIdle","JunkerKnightWalk","JunkerKnightPrimary","JunkerKnightUltiAttack","JunkerKnightRecoil",,"JunkerKnightUltiRecoil",,"JunkerKnightReload","JunkerKnightPushback","JunkerKnightBattleWin","JunkerKnightBattleWinloop","JunkerKnightLose","JunkerKnightLoseloop","JunkerKnightWinloop","JunkerKnightWin","JunkerKnightWinloop","JunkerKnightBattleWin","JunkerKnightIdle","JunkerKnightIdle","JunkerProfile","JunkerProfile",,,,,,"JunkerFace","JunkerFace","JunkerFace","JunkerFace","JunkerDreamyFace","JunkerDreamyFace","JunkerFace","JunkerFace","JunkerFace","JunkerFace","JunkerStillFace","JunkerFace",,,"true",,,"Jessie003Projectile1","Jessie003UltiProjectile","jessie_003_atk",,,,,,,,,,,,,,,,,,,,,,,,,,,,,,,
"FrankCaveman","HammerDude","frank_caveman_geo.scw",,"frank_base_cam.scw","frank_intro_pose.scw",,"FrankIdle","FrankWalk","FrankPrimary","FrankSecondary","FrankRecoil",,"FrankRecoil2",,,"FrankPushback","FrankWin","FrankWinloop","FrankLose","FrankLoseloop","FrankIdle","FrankWin","FrankWinloop","FrankWin","FrankIdle","FrankIdle","FrankProfile","FrankIntro",,,,,,,,,,,,,,,,,,,,,,,,,,,,,,,,,,,,,,,,,,,,,,,,,,,,,,,,
"TurretDragon","MechanicTurret","turret_dragon_geo.scw",,"portrait_cam.scw","emz_intro_pose.scw",,"Turret","Turret","Turret","Turret","TurretAttack",,"Turret",,"Turret","TurretIdle","TurretSpawn","TurretIdle",,"TurretIdle","TurretWinloop","TurretWin","TurretWinloop",,"TurretIdle","TurretIdle","Turret","Turret",,,,,,,,,,,,,,,,,,,,,,,,,"jessie_003_turret_atk",,,,,,,,,,,,,,,,,,,,,,,,,"JessieTurret003Projectile","Turret003Proj",,,,,
"MechanicSummer","Mechanic","jessie_summertime_geo.scw",,"jessie_base_cam.scw","emz_intro_pose.scw",,"JunkerKnightIdle","JunkerKnightWalk","JunkerKnightPrimary","JunkerKnightUltiAttack","JunkerKnightRecoil",,"JunkerKnightUltiRecoil",,"JunkerKnightReload","JunkerKnightPushback","JunkerKnightBattleWin","JunkerKnightBattleWinloop","JunkerKnightLose","JunkerKnightLoseloop","JunkerKnightBattleWinloop","JunkerKnightBattleWin","JunkerKnightBattleWinloop","JunkerKnightBattleWin","JunkerKnightIdle","JunkerKnightIdle","JunkerProfile","JunkerProfile",,,,,,"JunkerFace","JunkerFace","JunkerFace","JunkerDreamyFace","JunkerDreamyFace","JunkerDreamyFace","JunkerFace","JunkerFace","JunkerDreamyFace","JunkerFace","JunkerStillFace","JunkerFace",,,,,,"Jessie002Projectile1","Jessie002UltiProjectile",,,,,,,,,,,,,,,,,,,,,,,,,,,,,,,,
"TurretSummertime","MechanicTurret","turret_summertime_geo.scw",,"portrait_cam.scw","emz_intro_pose.scw",,"Turret","Turret","Turret","Turret","TurretAttack",,"Turret",,"Turret","TurretIdle","TurretSpawn","TurretIdle",,"TurretIdle","Turret","TurretIdle","TurretIdle",,"TurretIdle","TurretIdle","Turret","Turret",,,,,,,,,,,,,,,,,,,,,,,"JessieTurret002Projectile",,"jessie_002_turret_atk",,,,,,,,,,,,,,,,,,,,,,,,,"JessieTurret002Projectile","TurretWaterProj",,,,,
"CrowPheonix","Crow","crow_pheonix_geo.scw",,"crow_pheonix_cam.scw","emz_intro_pose.scw",,"CrowPheonixIdle","CrowPheonixWalk","CrowPheonixPrimary","CrowPheonixUltiAttack","CrowPheonixRecoil",,"CrowPheonixIdle",,"CrowPheonixReload","CrowPheonixPushback","CrowPheonixWin","CrowPheonixWinloop","CrowPheonixLose","CrowPheonixLoseloop","CrowPheonixIdle","CrowPheonixWin","CrowPheonixWinloop","CrowPheonixWin","CrowPheonixIdle","CrowPheonixIdle","CrowPheonixProfile","CrowPheonixProfile",,,,,,"CrowFace","CrowFace","CrowFace","CrowFace","CrowFace","CrowFace","CrowFace","CrowFace","CrowFace","CrowFace","CrowFace","CrowFace",,,,,,"CrowProjectileFlame","CrowUltiProjectileFlame",,,,,,,,,,,,,,,,,,,,,"Crow_bone_trail_1","Crow_bone_trail_2","Crow_bone_trail_3","Crow_bone_trail_4","ulti",,,,,,,
"UndertakerGreaser","Undertaker","mortis_greaser_geo.scw",,"mortis_base_cam.scw","emz_intro_pose.scw",,"UndertakerGreaserIdle","UndertakerWalk","UndertakerAttack","UndertakerUltiAttack","UndertakerRecoil1",,"UndertakerUltiRecoil1",,,"UndertakerPushback","UndertakerGreaserWin","UndertakerGreaserWinloop","UndertakerGreaserLose","UndertakerGreaserLoseloop","UndertakerGreaserIdle","UndertakerGreaserWin","UndertakerGreaserWinloop","UndertakerGreaserWin","UndertakerGreaserIdle","UndertakerGreaserIdle","UndertakerProfile","UndertakerProfile",,,,,,"MortisWinloop","MortisFace","MortisWin","MortisWinloop","MortisFace","MortisFace","MortisFace","MortisWin","MortisWinloop","MortisFace","MortisFace","MortisWinloop",,,,,,,,,,,,,,,,,,,,,,,,,,,,,,,,,,,,,,,
"BigBotDefault",,"meleebot_geo.scw:body+head",,"portrait_cam.scw","emz_intro_pose.scw",,"MeleeBotIdle","MeleeBotWalk","MeleeBotIdle","MeleeBotIdle","MeleeBotRecoil","MeleeBotRecoil2","MeleeBotRecoil",,,"MeleeBotPushback","MeleeBotWin","MeleeBotWinloop","MeleeBotLose","MeleeBotLoseloop","MeleeBotIdle","MeleeBotWin","MeleeBotWinloop","MeleeBotWin","MeleeBotIdle","MeleeBotIdle","MeleeBotIdle","MeleeBotIdle","MeleeBotIdle","MeleeBotRecoil","MeleeBotRecoil2",,,,,,,,,,,,,,,,,,,,,,,,,,,,,,,,,,,,,,,,,,,,,,,,,,,,,
"BanditGirlPrereg","ShotgunGirl","shelly_prereg_geo.scw",,"shelly_base_cam.scw","emz_intro_pose.scw",,"ShellyPreregIdle","ShellyPreregWalk","ShellyPreregPrimary","ShellyPreregSecondary","ShellyPreregRecoil",,"ShellyPreregRecoil",,"ShellyPreregReload","ShellyPreregPushback","ShellyPreregWin","ShellyPreregWinloop","ShellyPreregLose","ShellyPreregLoseloop","ShellyPreregIdle","ShellyPreregWin","ShellyPreregWinloop","ShellyPreregWin","ShellyPreregIdle","ShellyPreregIdle","ShellyProfile","ShellyProfile",,,,,,,,,,,,,,,,,,,,,,,"Shelly002Projectile","Shelly002UltiProjectile",,,,,,,,,,,,,,,,,,,,,,,,,,,,,,,,
"LootBox",,"crate_powerup.scw",,"portrait_cam.scw","emz_intro_pose.scw",,,,,,,,,,,,,,,,,,,,,,,,,,,,,,,,,,,,,,,,,,,,,,,,,,,,,,,,,,,,,,,,,,,,,,,,,,,,,,,
"TntBox",,"crate_tnt.scw",,"portrait_cam.scw","emz_intro_pose.scw",,,,,,,,,,,,,,,,,,,,,,,,,,,,,,,,,,,,,,,,,,,,,,,,,,,,,,,,,,,,,,,,,,,,,,,,,,,,,,,
"Safe",,"heist_safe.scw",,"portrait_cam.scw","emz_intro_pose.scw",,,,,,,,,,,,,,,,,,,,,,,,,,,,,,,,,,,,,,,,,,,,,,,,,,,,,,,,,,,,,,,,,,,,,,,,,,,,,,,
"TntGuySanta","TntDude","dynamike_santa_geo.scw",,"dynamike_base_cam.scw","emz_intro_pose.scw",,"TntguyIdle","TntguyWalk","TntguyPrimary","TntguySecondary","TntguyRecoil",,"TntguyUlti",,"TntguyReload","TntguyPushback","TntguyWin","TntguyWinloop","TntguyLose","TntguyLoseloop","TntguyIdle","TntguyWin","TntguyWinloop","TntguyWin","TntguyIdle","TntguyIdle","TntguyProfile","TntguyProfile",,,,,,,,,,,,,,,,,,,,,"true","true","TntDudeSantaProjectile","TntDudeSantaUltiProjectile",,,,,,,,,,,,,,,,,,,,,,,,,,,,,,,,
"TntGuyChef","TntDude","dynamike_chef_geo.scw",,"dynamike_base_cam.scw","emz_intro_pose.scw",,"TntguyIdle","TntguyWalk","TntguyPrimary","TntguySecondary","TntguyRecoil",,"TntguyUlti",,"TntguyReload","TntguyPushback","TntguyWin","TntguyWinloop","TntguyLose","TntguyLoseloop","TntguyIdle","TntguyWin","TntguyWinloop","TntguyWin","TntguyIdle","TntguyIdle","TntguyProfile","TntguyProfile",,,,,,,,,,,,,,,,,,,,,"true","true","TntDudeChefProjectile","TntDudeChefUltiProjectile",,,,,,,,,,,,,,,,,,,,,,,,,,,,,,,,
"RocketGirlBoombox","RocketGirl","brock_boombox_geo.scw",,"brock_base_cam.scw","emz_intro_pose.scw",,"BrockBoomboxIdle","BrockBoomboxWalk","BrockBoomboxPrimary","BrockBoomboxSecondary","BrockBoomboxRecoil",,"BrockBoomboxRecoil2",,"BrockBoomboxIdle","BrockPushback","BrockBoomboxWinIntro","BrockBoomboxWin","BrockBoomboxLose","BrockBoomboxLoseloop","BrockBoomboxIdle","BrockBoomboxWinIntro","BrockBoomboxWin","BrockBoomboxWin","BrockBoomboxIdle","BrockBoomboxIdle","BrockBoomboxProfile","BrockBoomboxProfile",,,,,,,,,,,,,,,,,,,,,,,,,,,,,,,,,,,,,,,,,,,,,,,,,,,,,,,,
"BarkeepWizard","Barkeep","barley_wizard_geo.scw",,"barley_wizard_cam.scw","emz_intro_pose.scw",,"BarkeepWizardIdle","BarkeepWizardWalk","BarkeepWizardPrimary","BarkeepWizardSecondary","BarkeepWizardRecoil",,"BarkeepWizardRecoil",,"BarkeepWizardReload","BarkeepWizardPushback","BarkeepWizardWin","BarkeepWizardWinloop","BarkeepWizardLose","BarkeepWizardLoseloop","BarkeepWizardIdle","BarkeepWizardWin","BarkeepWizardWinloop","BarkeepWizardWin","BarkeepWizardIdle","BarkeepWizardIdle","BarkeepWizardProfile","BarkeepWizardProfile",,,,,,,,,,,,,,,,,,,,,,,"Barley002Projectile","Barley002UltiProjectile","barkeep_wizard_attack","barkeep_wizard_attack_ulti",,,,,,,,,,,,,,,,,,,,,,,,,,,,,,
"ShamanReindeer","Shaman","nita_reindeer_geo.scw",,"nita_base_cam.scw","emz_intro_pose.scw",,"ShamanIdle","ShamanWalk","ShamanAttack","ShamanSecondary","ShamanRecoil",,"ShamanRecoil",,"ShamanReload","ShamanPushback","ShamanWin","ShamanWinloop","ShamanLose","ShamanLoseloop","ShamanIdle","ShamanWin","ShamanWinloop","ShamanWin","ShamanIdle","ShamanIdle","ShamanProfile","ShamanProfile",,,,,,,,,,,,,,,,,,,,,,,,,,,,,,,,,,,,,,,,,,,,,,,,,,,,,,,,
"ArtilleryGalElf","ArtilleryDude","penny_elf_geo.scw",,"penny_base_cam.scw","emz_intro_pose.scw",,"ArtilleryGalIdle","ArtilleryGalWalk","ArtilleryGalPrimary","ArtilleryGalUltiAttack","ArtilleryGalRecoil",,"ArtilleryGalUltiRecoil",,"ArtilleryGalReload","ArtilleryGalPushback","ArtilleryGalWin","ArtilleryGalWinloop","ArtilleryGalLose","ArtilleryGalLoseloop","ArtilleryGalIdle","ArtilleryGalWin","ArtilleryGalWinloop","ArtilleryGalWin","ArtilleryGalIdle","ArtilleryGalIdle","ArtilleryGalProfile","ArtilleryGalProfile",,,,,,"PennyFace","PennyFace","PennyFace","PennyFace","PennyFace","PennyFace","PennyFace","PennyFace","PennyFace","PennyFace","PennyFace","PennyFace",,,,,,"Penny002Projectile","Penny002UltiProjectile",,,,,,,,,,,,,,,,,,,,,,,,,,,,,,,,
"NinjaDefault","Ninja","leon_geo.scw",,"leon_base_cam.scw","leon_intro_pose.scw",,"LeonIdle","LeonWalk","LeonAttack","LeonSecondary","LeonRecoil","LeonRecoil2","LeonRecoil",,"LeonReload","LeonPushback","LeonWin","LeonWinloop","LeonLose","LeonLoseloop","LeonIdle","LeonWin","LeonWinloop","LeonWin","LeonIdle","LeonIdle","LeonProfile","LeonIntro",,,,,,"LeonIdle","LeonIdle","LeonWin","LeonWinLoop","LeonLose","LeonLoseLoop","LeonIdle","LeonWin","LeonWinLoop","LeonIdle","LeonIdle","LeonIdle",,,,,,,,,,,,,,,,,,,,,,,,,,,,,,,,,,,,,,,
"UndertakerHat","Undertaker","mortis_geo.scw:hatGeo+headGeo+hairGeo+cloakGeo+armsGeo+torsoGeo+capeGeo+capeGeo1+legsGeo+shoesGeo+lanternGeo+shovelGeo",,"mortis_base_cam.scw","emz_intro_pose.scw",,"UndertakerIdle","UndertakerWalk","UndertakerAttack","UndertakerUltiAttack","UndertakerRecoil1",,"UndertakerUltiRecoil1",,,"UndertakerPushback","UndertakerWin","UndertakerWinloop","UndertakerLose","UndertakerLoseloop","UndertakerIdle","UndertakerWin","UndertakerWinloop","UndertakerWin","UndertakerIdle","UndertakerIdle","UndertakerProfile","UndertakerProfile",,,,,,"MortisWinloop","MortisFace","MortisWin","MortisWinloop","MortisFace","MortisFace","MortisFace","MortisWin","MortisWinloop","MortisFace","MortisFace","MortisWinloop",,,,"true","true",,,,,,,,,,,,,,,,,,,,,,,,,,,,,,,,,,
"BullGuyFootbull","BullDude","bull_footbull_geo.scw",,"bull_base_cam.scw","emz_intro_pose.scw",,"BullRockIdle","BullRockWalk","BullRockPrimary","BullRockSecondary","BullRockRecoil",,"BullRockRecoil",,"BullRockReload","BullRockPushback","BullFootbullWin","BullFootbullWinloop","BullFootbullLose","BullFootbullLoseloop","BullRockIdle","BullFootbullWin","BullFootbullWinloop","BullFootbullWin","BullRockIdle","BullRockIdle","BullRockProfile","BullRockProfile",,,,,,,,,,,,,,,,,,,,,,,,,,,,,,,,,,,,,,,,,,,,,,,,,,,,,,,,
"ShamanBearReindeer","ShamanPet","bear_reindeer_geo.scw",,"portrait_cam.scw","emz_intro_pose.scw",,"BearReindeerIdle","BearReindeerWalk","BearReindeerAttack","BearReindeerIdle","BearReindeerRecoil",,"BearReindeerIdle",,"BearReindeerIdle","BearReindeerPushback","BearReindeerIdle","BearReindeerIdle","BearReindeerIdle","BearReindeerIdle","BearReindeerIdle","BearReindeerIdle","BearReindeerIdle","BearReindeerIdle","BearReindeerIdle","BearReindeerIdle","BearShibaIdle","BearShibaIdle",,,,,,,,,,,,,,,,,,,,,,,,,,,,,,,,,,,,,,,,,,,,,,,,,,,,,,,,
"ArtilleryTurretElf","ArtilleryDudeTurret","penny_elf_turret_geo.scw",,"portrait_cam.scw","emz_intro_pose.scw",,"ArtilleryIdle","ArtilleryIdle","ArtilleryIdle","ArtilleryIdle","ArtilleryAttack",,"ArtilleryIdle",,"ArtilleryIdle","ArtilleryIdle","ArtillerySpawn","ArtilleryIdle",,"ArtilleryIdle","ArtilleryIdle","ArtillerySpawn","ArtilleryIdle",,"ArtilleryIdle","ArtilleryIdle","ArtilleryIdle","ArtilleryIdle",,,,,,,,,,,,,,,,,,,,,,,,,,,,,,,,"penny_002_ulti_spawn",,,,,,,,,,,,,,,,,,,,,,,,
"HookDefault","HookDude","gene_geo.scw",,"gene_base_cam.scw","emz_intro_pose.scw",,"GeneIdle","GeneWalk","GeneAttack","GeneSecondary","GeneAttackRecoil",,"GeneSecondaryRecoil",,"GeneReload","GenePushback","GeneWin","GeneWinloop","GeneLose","GeneLoseloop","GeneIdle","GeneWin","GeneWinloop","GeneWin","GeneIdle","GeneIdle","GeneProfile","GeneProfile",,,,,,,,,,,,,,,,,,,,,"true","true",,,,,,,,,,,,,,,,,,,,,,,,,,,,,,,,,,
"TrickshotPopcorn","TrickshotDude","rico_popcorn_geo.scw",,"rico_base_cam.scw","emz_intro_pose.scw",,"RicoPopcornIdle","RicoWalk","RicoPopcornPrimary","RicoPopcornSecondary","RicoPopcornRecoil",,"RicoPopcornRecoil",,"RicoPopcornReload","RicoPopcornPushback","RicoPopcornWin","RicoPopcornWinloop","RicoLose","RicoLoseloop","RicoPopcornIdle","RicoPopcornWin","RicoPopcornWinloop","RicoPopcornWin","RicoPopcornIdle","RicoPopcornIdle","RicoProfile","RicoProfile",,,,,,,,,,,,,,,,,,,,,,,"Rico002Projectile","Rico002UltiProjectile","rico_002_atk","rico_002_ulti",,,,,,,,,,,,,,,,,,,,,,,,,,,,,,
"GunSlingerHanbok","Gunslinger","colt_hanbok_geo.scw",,"colt_base_cam.scw","emz_intro_pose.scw",,"GunslingerIdle","GunslingerWalk","GunslingerPrimary","GunslingerSecondary","GunslingerRecoil","GunslingerRecoil2","GunslingerRecoil","GunslingerRecoil2","GunslingerReload","GunslingerPushback","GunslingerWin","GunslingerWinloop","GunslingerLose","GunslingerLoseloop","GunslingerIdle","GunslingerWin","GunslingerWinloop","GunslingerWin","GunslingerIdle","GunslingerIdle","GunslingerProfile","GunslingerProfile",,,,,,,,,,,,,,,,,,,,,,,"Colt002Projectile","Colt002UltiProjectile","colt_002_atk","colt_002_ulti",,,"colt_002_ulti_use",,,,,,,,,,,,,,,,,,,,,,,,,,,
"BarrelbotCny","BarrelBot","darryl_cny_geo.scw",,"darryl_base_cam.scw","emz_intro_pose.scw",,"DarrylCnyIdle","DarrylCnyWalk","DarrylCnyPrimary","DarrylCnySecondary","DarrylCnyRecoil","DarrylCnyRecoil2","DarrylCnyRecoil",,"DarrylCnyReload","DarrylCnyPushback","DarrylCnyWin","DarrylCnyWinloop","DarrylCnyLose","DarrylCnyLoseloop","DarrylCnyIdle","DarrylCnyWin","DarrylCnyWinloop","DarrylCnyWinloop","DarrylCnyHide","DarrylCnyHide","DarrylCnyProfile","DarrylCnyProfile",,,,,,,,,,,,,,,,,,,,,,,"Darryl002Projectile",,"darryl_002_atk",,,,,,,,,,,,,,,,,,,,,,,,,,,,,,,
"PocoValentine","DeadMariachi","poco_valentine_geo.scw",,"poco_base_cam.scw","emz_intro_pose.scw",,"PocoIdle","PocoWalk","PocoAttack","PocoSecondary","PocoRecoil",,"PocoRecoil",,"PocoReload","PocoPushback","PocoWin","PocoWinloop","PocoLose","PocoLoseloop","PocoIdle","PocoWin","PocoWinloop","PocoWin","PocoIdle","PocoIdle","PocoProfile","PocoProfile",,,,,,,,,,,,,,,,,,,,,,,"Poco002Projectile","Poco002UltiProjectile","poco_002_atk_direct","poco_002_atk_direct",,"poco_002_atk_root","poco_002_atk_root",,,,,,,,,,,,,,,,,,,,,,,,,,,
"RocketGirlCny","RocketGirl","brock_cny_geo.scw",,"brock_base_cam.scw","emz_intro_pose.scw",,"BrockIdle","BrockWalk","BrockPrimary","BrockSecondary","BrockRecoil",,"BrockRecoil2",,"BrockIdle","BrockPushback","BrockBoomboxWinIntro","BrockBoomboxWin","BrockLose","BrockLoseloop","BrockIdle","BrockBoomboxWinIntro","BrockBoomboxWin","BrockBoomboxWin","BrockIdle","BrockIdle","BrockProfile","BrockProfile",,,,,,,,,,,,,,,,,,,,,,,"Brock002Projectile","Brock002UltiProjectile","brock_002_atk","brock_002_atk",,,,,,,,,,,,,,,,,,,,,,,,,,,,,,
"WhirlwindDefault","Whirlwind","carl_geo.scw",,"carl_base_cam.scw","emz_intro_pose.scw",,"CarlIdle","CarlWalk","CarlAttack","CarlSecondary","CarlAttackRecoil",,"CarlSecondaryRecoil",,"CarlReload","CarlIdle","CarlWin","CarlWinloop","CarlLose","CarlLoseloop","CarlIdle","CarlWin","CarlWinloop","CarlWin","CarlIdle","CarlIdle","CarlProfile","CarlProfile",,,,,,"CarlIdle","CarlIdle","CarlIdle","CarlIdle","CarlAngry","CarlAngryloop","CarlIdle","CarlIdle","CarlIdle","CarlIdle","CarlProfile","CarlIdle",,,,,,,,,,,,,,,,,,,,,,,,,,,,,,,,,,,,,,,
"RoboWarsBox",,"item_bolt_crate.scw",,"portrait_cam.scw","emz_intro_pose.scw",,,,,,,,,,,,,,,,,,,,,,,,,,,,,,,,,,,,,,,,,,,,,,,,,,,,,,,,,,,,,,,,,,,,,,,,,,,,,,,
"UndertakerNightwitch","Undertaker","mortis_nightwitch_geo.scw",,"mortis_base_cam.scw","emz_intro_pose.scw",,"UndertakerIdle","UndertakerWalk","UndertakerAttack","UndertakerUltiAttack","UndertakerRecoil1",,"UndertakerUltiRecoil1",,,"UndertakerPushback","UndertakerNightwitchWin","UndertakerNightwitchWinloop","UndertakerLose","UndertakerLoseloop","UndertakerIdle","UndertakerNightwitchWin","UndertakerNightwitchWinloop","UndertakerNightwitchWin","UndertakerIdle","UndertakerIdle","UndertakerProfile","UndertakerProfile",,,,,,"MortisNightwitchFace","MortisNightwitchFace","MortisNightwitchWin","MortisNightwitchWinloop","MortisNightwitchFace","MortisNightwitchFace","MortisNightwitchFace","MortisNightwitchWin","MortisNightwitchWinloop","MortisNightwitchFace","MortisNightwitchFace","MortisNightwitchFace",,,,"true","true",,,,"mortis_002_ulti_direct",,"mortis_002_atk","mortis_002_ulti",,"mortis_002_atk_hit",,,,,,,,,,,,,,,,,,,,,,,,,
"RoboWarsBaseDefault","RoboWarsBase","siege_base.scw",,"portrait_cam.scw","emz_intro_pose.scw",,"RoboWarsBaseIdle","RoboWarsBaseIdle","RoboWarsBaseAttack","RoboWarsBaseIdle","RoboWarsBaseAttack",,"RoboWarsBaseIdle",,"RoboWarsBaseIdle","RoboWarsBaseIdle",,,,,,,,,,,,,,,,,,,,,,,,,,,,,,,,,,,,,,,,,,,,,,,,,,,,,,,,,,,,,,,,,,,,
"RosaDefault","Rosa","rosa_geo.scw",,"rosa_base_cam.scw","emz_intro_pose.scw",,"RosaIdle","RosaWalk","RosaAttack","RosaIdle","RosaAttackRecoil","RosaAttackRecoil2","RosaUltRecoil","RosaUltRecoil2",,"RosaIdle","RosaWin","RosaWinloop","RosaLose","RosaLoseloop","RosaIdle","RosaWin","RosaWinloop","RosaWin","RosaIdle","RosaIdle","RosaProfile","RosaProfile",,,,,,,,,,,,,,,,,,,,,,,,,,,,,,,,,,,,,,,,,,,,,,,,,,,,,,,,
"MineCart","Train0","mine_cart.scw",,"portrait_cam.scw","emz_intro_pose.scw",,,,,,,,,,,,,,,,,,,,,,,,,,,,,,,,,,,,,,,,,,,,,,,,,,,,,,,,,,,,,,,,,,,,,,,,,,,,,,,
"ShamanShiba","Shaman","nita_shiba_geo.scw",,"nita_base_cam.scw","emz_intro_pose.scw",,"ShamanShibaIdle","ShamanShibaWalk","ShamanAttack","ShamanSecondary","ShamanRecoil",,"ShamanRecoil",,"ShamanReload","ShamanPushback","ShamanShibaWin","ShamanShibaWinloop","ShamanLose","ShamanLoseloop","ShamanIdle","ShamanShibaWin","ShamanShibaWinloop","ShamanShibaWin","ShamanShibaIdle","ShamanShibaIdle","ShamanProfile","ShamanProfile",,,,,,,,,,,,,,,,,,,,,,,,,,,,,,,,,,,,,,,,,,,,,,,,,,,,,,,,
"ShamanBearShiba","ShamanPet","bear_shiba_geo.scw",,"portrait_cam.scw","emz_intro_pose.scw",,"BearShibaIdle","BearWalk","BearAttack","BearShibaIdle","BearRecoil",,"BearShibaIdle",,"BearIdle","BearPushback","BearShibaIdle","BearShibaIdle","BearShibaIdle","BearShibaIdle","BearShibaIdle","BearShibaIdle","BearShibaIdle","BearShibaIdle","BearShibaIdle","BearShibaIdle","BearShibaIdle","BearShibaIdle",,,,,,,,,,,,,,,,,,,,,,,,,,,,,,,,"nita_003_ulti_spawn",,,,,,,,,,,,,,,,,,,,,,,,
"BaseballDefault","Baseball","bibi_geo.scw",,"bibi_base_cam.scw","emz_intro_pose.scw",,"BibiIdle","BibiWalk","BibiPrimary","BibiSecondary","BibiRecoil",,"BibiRecoil2",,,"BibiPushback","BibiWin","BibiWinloop","BibiLose","BibiLoseloop","BibiIdle","BibiWin","BibiWinloop","BibiWin","BibiIdle","BibiIdle","BibiProfile","BibiProfile",,,,,,"Bibi_Idle","Bibi_Idle","Bibi_Win","Bibi_Idle","Bibi_Idle","Bibi_Idle","Bibi_Idle","Bibi_Win","Bibi_Idle","Bibi_Idle","Bibi_Idle","Bibi_Idle",,,,,,,,,,,,,,,,,,,,,,,,,,,,,,,,,,,,,,,
"MineCartB","Train1","mine_cart_b.scw",,"portrait_cam.scw","emz_intro_pose.scw",,,,,,,,,,,,,,,,,,,,,,,,,,,,,,,,,,,,,,,,,,,,,,,,,,,,,,,,,,,,,,,,,,,,,,,,,,,,,,,
"MineCartC","Train2","mine_cart_c.scw",,"portrait_cam.scw","emz_intro_pose.scw",,,,,,,,,,,,,,,,,,,,,,,,,,,,,,,,,,,,,,,,,,,,,,,,,,,,,,,,,,,,,,,,,,,,,,,,,,,,,,,
"MineCartD","Train3","mine_cart_d.scw",,"portrait_cam.scw","emz_intro_pose.scw",,,,,,,,,,,,,,,,,,,,,,,,,,,,,,,,,,,,,,,,,,,,,,,,,,,,,,,,,,,,,,,,,,,,,,,,,,,,,,,
"MineCartE","Train4","mine_cart_e.scw",,"portrait_cam.scw","emz_intro_pose.scw",,,,,,,,,,,,,,,,,,,,,,,,,,,,,,,,,,,,,,,,,,,,,,,,,,,,,,,,,,,,,,,,,,,,,,,,,,,,,,,
"ClusterBombDefault","ClusterBombDude","tick_geo.scw",,"tick_base_cam.scw","emz_intro_pose.scw",,"TickIdle","TickWalk","TickPrimary","TickSecondary","TickRecoil",,"TickUltRecoil",,"TickIdle","TickIdle","TickWin","TickWinloop","TickLose","TickLoseloop","TickIdle","TickWin","TickWinloop","TickWin","TickIdle","TickIdle","TickProfile","TickProfile",,,,,,,,,,,,,,,,,,,,,"true","true",,,,,,,,,,,,,,,,,,,,,,,,,,,,,,,,,,
"ClusterBombPetDefault","ClusterBombPet","bombhead_geo.scw",,"portrait_cam.scw","emz_intro_pose.scw",,"BombheadIdle","BombheadIdle","BombheadIdle","BombheadIdle","BombheadIdle",,"BombheadIdle",,"BombheadIdle","BombheadIdle","BombheadIdle","BombheadIdle","BombheadIdle","BombheadIdle","BombheadIdle","BombheadIdle","BombheadIdle","BombheadIdle","BombheadIdle","BombheadIdle","BombheadIdle","BombheadIdle",,,,,,,,,,,,,,,,,,,,,,,,,,,,,,,,,,,,,,,,,,,,,,,,,,,,,,,,
"ArtilleryGalBunny","ArtilleryDude","penny_bunny_geo.scw",,"penny_base_cam.scw","emz_intro_pose.scw",,"ArtilleryGalIdle","ArtilleryGalBunnyWalk","ArtilleryGalPrimary","ArtilleryGalUltiAttack","ArtilleryGalRecoil",,"ArtilleryGalUltiRecoil",,"ArtilleryGalReload","ArtilleryGalPushback","ArtilleryGalBunnyWin","ArtilleryGalBunnyWinloop","ArtilleryGalLose","ArtilleryGalBunnyLoseloop","ArtilleryGalIdle","ArtilleryGalBunnyWin","ArtilleryGalBunnyWinloop","ArtilleryGalBunnyWin","ArtilleryGalIdle","ArtilleryGalIdle","ArtilleryGalProfile","ArtilleryGalProfile",,,,,,"PennyFace","PennyFace","PennyFace","PennyFace","PennyFace","PennyFace","PennyFace","PennyFace","PennyFace","PennyFace","PennyFace","PennyFace",,,,,,"Penny003Projectile","Penny003UltiProjectile",,,,,,,,,,,,,,,,,,,,,,,,,,,,,,,,
"ArtilleryTurretBunny","ArtilleryDudeTurret","bunny_turret_geo.scw",,"portrait_cam.scw","emz_intro_pose.scw",,"ArtilleryBunnyIdle","ArtilleryBunnyIdle","ArtilleryBunnyIdle","ArtilleryBunnyIdle","ArtilleryBunnyAttack",,"ArtilleryBunnyIdle",,"ArtilleryBunnyIdle","ArtilleryBunnyIdle","ArtilleryBunnySpawn","ArtilleryBunnyIdle",,"ArtilleryBunnyIdleMenu","ArtilleryBunnyIdleMenu","ArtilleryBunnyIdleMenu","ArtilleryBunnyIdleMenu",,"ArtilleryBunnyIdleMenu","ArtilleryBunnyIdleMenu","ArtilleryIdle","ArtilleryIdle",,,,,,,,,,,,,,,,,,,,,,,,,,,,,,,,"penny_003_ulti_spawn",,,,,,,,,,,,,,,,,,,,,,,,
"BarkeepMs","Barkeep","barley_ms_geo.scw",,"barley_base_cam.scw","barley_bakesale_intro_pose.scw",,"BarkeepMsIdle","BarkeepMsWalk","BarkeepMsPrimary","BarkeepMsSecondary","BarkeepMsPrimary",,"BarkeepMsPrimary",,"BarkeepMsReload","BarkeepPushback","BarkeepMsWin","BarkeepMsIdle","BarkeepMsLose","BarkeepMsLoseloop","BarkeepMsIdle","BarkeepMsWin","BarkeepMsIdle","BarkeepMsWin","BarkeepMsIdle","BarkeepMsIdle","BarkeepMsProfile","BarkeepMsIntro",,,,,,"BarleyMsFace","BarleyMsFace","BarleyMsFace","BarleyMsFace","BarleyMsLose","BarleyMsLoseloop","BarleyMsFace","BarleyMsFace","BarleyMsFace","BarleyMsFace","BarleyMsFace","BarleyMsFace",,,,,,"Barley005Projectile","Barley005UltiProjectile",,,,,,,,,,,,,,,,,,,,,,,,,,,,,,,,
"RocketGirlHotrod","RocketGirl","brock_hotrod_geo.scw",,"brock_base_cam.scw","emz_intro_pose.scw",,"BrockHotrodIdle","BrockHotrodWalk","BrockHotrodPrimary","BrockHotrodSecondary","BrockHotrodRecoil",,"BrockHotrodRecoil2",,"BrockHotrodIdle","BrockHotrodPushback","BrockHotrodWin","BrockHotrodWinloop","BrockHotrodLose","BrockHotrodLoseloop","BrockHotrodIdle","BrockHotrodWin","BrockHotrodWinloop","BrockHotrodIdle","BrockHotrodIdle","BrockHotrodIdle","BrockProfile","BrockProfile",,,,,,,,,,,,,,,,,,,,,,,"Brock003Projectile","Brock003UltiProjectile","brock_003_atk","brock_003_atk",,,,,,,,,,,,,,,,,,,,,,,,,,,,,,
"WhirlwindHotrod","Whirlwind","carl_hotrod_geo.scw",,"carl_hotrod_cam.scw","emz_intro_pose.scw",,"CarlHotrodIdle","CarlHotrodWalk","CarlHotrodAttack","CarlHotrodSecondary","CarlHotrodAttackRecoil",,"CarlHotrodSecondaryRecoil",,"CarlHotrodReload","CarlHotrodIdle","CarlHotrodWin","CarlHotrodWinloop","CarlHotrodLose","CarlHotrodLoseloop","CarlHotrodIdle","CarlHotrodWin","CarlHotrodWinloop","CarlHotrodWin","CarlHotrodIdle","CarlHotrodIdle","CarlHotrodProfile","CarlHotrodProfile",,,,,,"CarlHotrodIdle","CarlHotrodIdle","CarlHotrodIdle","CarlHotrodIdle","CarlHotrodAngry","CarlHotrodAngryloop","CarlHotrodIdle","CarlHotrodIdle","CarlHotrodIdle","CarlHotrodIdle","CarlHotrodIdle","CarlHotrodIdle",,,,,,"Carl002Projectile",,,,,,,,,,"carl_002_ulti_loop","carl_002_ulti_ground",,,,,,,,,,,,,,,,,,,,,,
"BarkeepLumberjack","Barkeep","barley_lumberjack_geo.scw",,"barley_base_cam.scw","emz_intro_pose.scw",,"BarkeepLumberjackIdle","BarkeepLumberjackWalk","BarkeepLumberjackPrimary","BarkeepLumberjackSecondary","BarkeepLumberjackRecoil",,"BarkeepLumberjackRecoil",,"BarkeepLumberjackReload","BarkeepLumberjackPushback","BarkeepLumberjackWin","BarkeepLumberjackWinloop","BarkeepLumberjackLose","BarkeepLumberjackLoseloop","BarkeepLumberjackIdle","BarkeepLumberjackWin","BarkeepLumberjackIdle","BarkeepLumberjackWin","BarkeepLumberjackIdle","BarkeepLumberjackIdle","BarkeepLumberjackProfile","BarkeepLumberjackProfile",,,,,,,,,,,,,,,,,,,,,,,"Barley004Projectile","Barley004UltiProjectile",,,,,,,,,,,,,,,,,,,,,,,,,,,,,,,,
"BoMecha","BowDude","bo_mecha_geo.scw",,"bo_mecha_cam.scw","emz_intro_pose.scw",,"BoMechaIdle","BoMechaWalk","BoMechaAttack","BoMechaSecondary","BoMechaRecoil","BoMechaRecoil","BoMechaRecoil2","BoMechaRecoil2","BoMechaIdle","BoMechaPushback","BoMechaWin","BoMechaWinloop","BoMechaLose","BoMechaLoseloop","BoMechaIdle","BoMechaWin","BoMechaWinloop","BoMechaWin","BoMechaIdle","BoMechaIdle","BoMechaProfile","BoMechaProfile",,,,,,,,,,,,,,,,,,,,,,"true","Bow002Projectile","Bow002UltiProjectile","bo_002_atk","bo_002_ulti",,,,,,,,,,,"MineMecha","Mech_Bo_kill","Mech_Bo_lead","Mech_Bo_start","Mech_Bo_ulti_vo","Mech_Bo_hurt","Mech_Bo_die","Mech_Bo_atk_vo",,,,,,,,,,,,
"CrowMecha","Crow","crow_mecha_geo.scw",,"crow_mecha_cam.scw","emz_intro_pose.scw",,"CrowMechaIdle","CrowMechaWalk","CrowMechaPrimary","CrowMechaSecondary","CrowMechaRecoil",,"CrowMechaIdle",,"CrowMechaReload","CrowMechaPushback","CrowMechaWin","CrowMechaWinloop","CrowMechaLose","CrowMechaLoseloop","CrowMechaIdle","CrowMechaWin","CrowMechaWinloop","CrowMechaWin","CrowMechaIdle","CrowMechaIdle","CrowMechaProfile","CrowMechaProfile",,,,,,,,,,,,,,,,,,,,,,,"Crow002Projectile","Crow002UltiProjectile","crow_002_attack",,,,"crow_002_ulti",,,,,,,,,"RoboCrow_Kill","RoboCrow_Lead","RoboCrow_Start","RoboCrow_Ulti_vo","RoboCrow_Takedamage","RoboCrow_Die",,,,,,,,,,,,,
"Cactusmecha","Cactus","spike_mecha_geo.scw",,"spike_base_cam.scw","emz_intro_pose.scw",,"SpikeIdle","SpikeMechaWalk","SpikePrimary","SpikeSecondary","SpikeRecoil",,"SpikeRecoil2",,"SpikeReload","SpikeIdle","SpikeMechaWin","SpikeMechaWinloop","SpikeMechaLose","SpikeMechaLoseloop","SpikeIdle","SpikeMechaWin","SpikeMechaWinloop","SpikeMechaWin","SpikeIdle","SpikeIdle","SpikeProfile","SpikeProfile",,,,,,,,,,,,,,,,,,,,,,,"Spike003Projectile","Spike003UltiProjectile","cactus_003_attack","cactus_003_attack_ulti",,,,,,,,,,,,,,,,,,,,,,,,,,,,,,
"TntDudeMecha","TntDude","dynamike_mecha_geo.scw",,"dynamike_base_cam.scw","emz_intro_pose.scw",,"TntDudeMechaIdle","TntDudeMechaWalk","TntDudeMechaPrimary","TntDudeMechaSecondary","TntDudeMechaRecoil",,"TntDudeMechaSecondaryRecoil",,"TntDudeMechaIdle","TntguyPushback","TntDudeMechaWin","TntDudeMechaWinloop","TntDudeMechaLose","TntDudeMechaLoseloop","TntDudeMechaIdle","TntDudeMechaWin","TntDudeMechaWinloop","TntDudeMechaWin","TntDudeMechaIdle","TntDudeMechaIdle","TntDudeMechaProfile","TntDudeMechaProfile",,,,,,"DynamikeRoboFace","DynamikeRoboFace","DynamikeRoboFace","DynamikeRoboFace","DynamikeRoboLose","DynamikeRoboLoseloop","DynamikeRoboFace","DynamikeRoboFace","DynamikeRoboFace","DynamikeRoboFace","DynamikeRoboFace","DynamikeRoboFace",,,,"true","true","Mike004Projectile","Mike004UltiProjectile","mech_mike_atk",,,,"dynamike_003_ulti_use",,,,,,,,,"Mech_Mike_kill_vo","Mech_Mike_lead_vo","Mech_Mike_start_vo","Mech_Mike_ulti_vo","Mech_Mike_hurt_vo","Mech_Mike_die_vo",,,,,,,,,,,,,
"WhirlwindHogrider","Whirlwind","carl_hogrider_geo.scw",,"carl_hogrider_cam.scw","emz_intro_pose.scw",,"CarlHogriderIdle","CarlHogriderWalk","CarlHogriderAttack","CarlHogriderSecondary","CarlHogriderAttackRecoil",,"CarlHogriderSecondaryRecoil",,"CarlHogriderReload","CarlHogriderIdle","CarlHogriderWin","CarlHogriderWinloop","CarlHogriderLose","CarlHogriderLoseloop","CarlHogriderIdle","CarlHogriderWin","CarlHogriderWinloop","CarlHogriderWin","CarlHogriderIdle","CarlHogriderIdle","CarlHogriderProfile","CarlHogriderProfile",,,,,,"CarlIdle","CarlIdle","CarlIdle","CarlIdle","CarlAngry","CarlAngryloop","CarlIdle","CarlIdle","CarlIdle","CarlIdle","CarlProfile","CarlIdle",,,,,,"Carl003Projectile",,,,,,,,,,,,,,,,,,,,,,,,,,,,,,,,,
"BallBeach",,"brawl_ball_beach.scw",,"portrait_cam.scw","emz_intro_pose.scw",,,,,,,,,,,,,,,,,,,,,,,,,,,,,,,,,,,,,,,,,,,,,,,,,,,,,,,,,,,,,,,,,,,,,,,,,,,,,,,
"ArcadeDefault","Arcade","8bit_geo.scw",,"8bit_base_cam.scw","emz_intro_pose.scw",,"8bitIdle","8BitWalk","8bitAttack","8bitIdle","8bitRecoil",,"8bitIdle",,"8bitReload","8bitPushback","8bitWin","8bitWinloop","8bitLose","8bitLoseloop","8bitWinloop","8bitWin","8bitWinloop","8bitWin","8bitIdle","8bitIdle","8bitProfile","8bitProfile",,,,,,"ArcadeFace","ArcadeFace","ArcadeFace","ArcadeFace","ArcadeLose","ArcadeLooseloop","ArcadeFace","ArcadeFace","ArcadeFace",,"ArcadeFace","ArcadeFace",,,,,,,,,,"true",,,,,,,,,,,,,,,,,,,,,,,,,,,,,
"DamageBoosterDefault","DamageBooster","8bit_turret_geo.scw",,"portrait_cam.scw","emz_intro_pose.scw",,"8bitTurretIdle","8bitTurretIdle","8bitTurretIdle","8bitTurretIdle","8bitTurretIdle",,"8bitTurretIdle",,"8bitTurretIdle","8bitTurretIdle","8bitTurretSpawn","8bitTurretIdle",,"8bitTurretIdle","8bitTurretIdle",,"8bitTurretIdle",,"8bitTurretIdle","8bitTurretIdle","8bitTurretIdle","8bitTurretIdle",,,,,,,,,,,,,,,,,,,,,,,,,,,"true",,,,,,,,,,,,,,,,,,,,,,,,,,,,,
"DamageBoosterVirus","DamageBooster","8bit_virus_turret_geo.scw",,"portrait_cam.scw","emz_intro_pose.scw",,"8bitTurretIdle","8bitTurretIdle","8bitTurretIdle","8bitTurretIdle","8bitTurretIdle",,"8bitTurretIdle",,"8bitTurretIdle","8bitTurretIdle","8bitTurretSpawn","8bitTurretIdle",,"8bitTurretIdle","8bitTurretIdle",,"8bitTurretIdle",,"8bitTurretIdle","8bitTurretIdle","8bitTurretIdle","8bitTurretIdle",,,,,,,,,,,,,,,,,,,,,,,,,,,"true",,,,,,,,,,,,,,,,,,,,,,,,,,,,,
"SniperPink","Sniper","piper_geo.scw","piper_gadget_pistol_geo.scw","piper_portrait.scw","emz_intro_pose.scw",,"SniperIdle","SniperWalk","SniperAttack","SniperSecondary","SniperRecoil",,"SniperRecoil",,"SniperReload","SniperPushback","SniperWin","SniperWinloop","SniperLose","SniperLoseloop","SniperIdle","SniperWin","SniperWinloop","SniperWin","SniperIdle","SniperIdle","SniperProfile","SniperProfile",,,,"SniperGadgetPistolAttack","SniperGadgetPistolRecoil","PiperIdleOpen","PiperIdleOpen","PiperWin","PiperWinLoop","PiperIdleClosed","PiperIdleClosed","PiperIdleClosed","PiperWin","PiperWinLoop","PiperIdleClosed","PiperIdleClosed","PiperIdleOpen",,,,"true",,,,,,,,,,,,,,,,,,,,,,,,,,,,,,,,,,,
"ArcadeClassic","Arcade","8bit_classic_geo.scw",,"8bit_base_cam.scw","emz_intro_pose.scw",,"8bitIdle","8BitWalk","8bitAttack","8bitIdle","8bitRecoil",,"8bitIdle",,"8bitReload","8bitPushback","8bitWin","8bitWinloop","8bitLose","8bitLoseloop","8bitWinloop","8bitWin","8bitWinloop","8bitWin","8bitIdle","8bitIdle","8bitProfile","8bitProfile",,,,,,"ArcadeClassicFace","ArcadeClassicFace","ArcadeClassicFace","ArcadeClassicFace","ArcadeLose","ArcadeLooseloop","ArcadeClassicFace","ArcadeClassicFace","ArcadeClassicFace",,"ArcadeClassicFace","ArcadeClassicFace",,,,,,,,,,"true",,,,,,,,,,,,,,,,,,,,,,,,,,,,,
"NinjaShark","Ninja","shark_leon_geo.scw",,"leon_base_cam.scw","emz_intro_pose.scw",,"LeonIdle","LeonWalk","LeonAttack","LeonSecondary","LeonRecoil","LeonRecoil2","LeonRecoil",,"LeonReload","LeonPushback","LeonWin","LeonWinloop","LeonLose","LeonLoseloop","LeonIdle","LeonWin","LeonWinloop","LeonWin","LeonIdle","LeonIdle","LeonProfile","LeonProfile",,,,,,"LeonIdle","LeonIdle","LeonWin","LeonWinLoop","LeonLose","LeonLoseLoop","LeonIdle","LeonWin","LeonWinLoop","LeonIdle","LeonIdle","LeonIdle",,,,,,,,,,,,,,,,,,,,,,,,,,,,,,,,,,,,,,,
"BlackHoleBlue","BlackHole","tara_blue_geo.scw",,"tara_base_cam.scw","emz_intro_pose.scw",,"TaraIdle","TaraWalk","TaraPrimary","TaraSecondary","TaraRecoil",,"TaraSecondaryRecoil",,"TaraReload","TaraIdle","TaraWin","TaraWinloop","TaraLose","TaraLoseloop","TaraIdle","TaraWin","TaraWinloop","TaraWin","TaraIdle","TaraIdle","TaraProfile","TaraProfile",,,,,,"TaraFaceIdle","TaraFaceIdle","TaraFaceWin","TaraFaceWinLoop","TaraFaceLose","TaraFaceLoseloop","TaraFaceIdle","TaraFaceIdle","TaraFaceIdle","TaraFaceIdle","TaraFaceIdle","TaraFaceIdle",,,,"true","true",,,,,"true",,,,,,,,,,,,,,,,,,,,,,,,,,,,,
"LootBoxMoonFestival",,"crate_powerup_moon_festival.scw",,"portrait_cam.scw","emz_intro_pose.scw",,,,,,,,,,,,,,,,,,,,,,,,,,,,,,,,,,,,,,,,,,,,,,,,,,,,,,,,,,,,,,,,,,,,,,,,,,,,,,,
"SandstormDefault","Sandstorm","sandy_geo.scw",,"sandy_base_cam.scw","emz_intro_pose.scw",,"SandyIdle","SandyWalk","SandyAttack","SandyAttack","SandyRecoil",,"SandyRecoil",,"SandyReload","SandyPushBack","SandyWin","SandyWinloop","SandyLose","SandyLose","SandyIdle","SandyWin","SandyWinloop","SandyWin","SandyIdle","SandyIdle","SandyProfile","SandyProfile",,,,,,"SandyIdle","SandyWalk","SandyWin","SandyWinloop","SandyWinloop","SandyWinloop","SandyIdle","SandyWin","SandyWinloop","SandyIdle","SandyProfile","SandyIdle",,,,,"true",,,,,,,,,,,,,,,,,,,,,,,,,,,,,,,,,,
"BeeSniperDefault","BeeSniper","bea_geo.scw",,"bea_portrait.scw","bea_intro_pose.scw","true","BeaIdle","BeaWalk","BeaAttack","BeaAttack","BeaRecoil",,"BeaRecoil",,"BeaReload","BeaPushback","BeaWin","BeaWinloop","BeaLose","BeaLoseloop","BeaIdle","BeaWin","BeaWinloop","BeaWin","BeaIdle","BeaIdle","BeaPortrait","BeaIntro",,,,,,"BeaIdle",,"BeaHappy","BeaIdle","BeaLose","BeaLoseloop","BeaIdle","BeaHappy","BeaIdle",,,"BeaIdle",,,,"true","true",,,,"bea_def_ulti",,,,,,,,,,,,,,,,,,,,,,,,,,,,,"bea_def_atk_charged",
"BossRaceBossDefault",,"bossbot_geo.scw:body+head+hands",,"portrait_cam.scw","emz_intro_pose.scw",,"BossBotIdle","BossBotWalk","BossBotIdle","BossBotIdle","BossBotIdle",,"BossBotIdle",,,"BossBotPushback","BossBotWin","BossBotWinloop","BossBotLose","BossBotLoseloop","BossBotIdle","BossBotWin","BossBotWinloop","BossBotWin","BossBotIdle","BossBotIdle","BossBotIdle","BossBotIdle","BossBotIdle","BossBotRecoil","BossBotRecoil2",,,,,,,,,,,,,,,,,,,,,,,,,,,,,,,,,,,,,,,,,,,,,,,,,,,,,
"BarkeepWizardRed","Barkeep","barley_wizard_geo.scw",,"barley_wizard_cam.scw","emz_intro_pose.scw",,"BarkeepWizardIdle","BarkeepWizardWalk","BarkeepWizardPrimary","BarkeepWizardSecondary","BarkeepWizardRecoil",,"BarkeepWizardRecoil",,"BarkeepWizardReload","BarkeepWizardPushback","BarkeepWizardWin","BarkeepWizardWinloop","BarkeepWizardLose","BarkeepWizardLoseloop","BarkeepWizardIdle","BarkeepWizardWin","BarkeepWizardWinloop","BarkeepWizardWin","BarkeepWizardIdle","BarkeepWizardIdle","BarkeepWizardProfile","BarkeepWizardProfile",,,,,,,,,,,,,,,,,,,,,,,"Barley002Projectile","Barley002UltiProjectile","barkeep_wizard_attack","barkeep_wizard_attack_ulti",,,,,,,,,,,,,,,,,,,,,,,,,,,,,,
"HookPirate","HookDude","gene_pirate_geo.scw",,"gene_base_cam.scw","emz_intro_pose.scw",,"GenePirateIdle","GenePirateWalk","GenePirateAttack","GenePirateSecondary","GenePirateAttackRecoil",,"GenePirateSecondaryRecoil",,"GenePirateReload","GenePushback","GenePirateWin","GenePirateWinloop","GenePirateLose","GenePirateLoseloop","GenePirateIdle","GenePirateWin","GenePirateWinloop","GenePirateWin","GenePirateIdle","GenePirateIdle","GeneProfile","GeneProfile",,,,,,,,,,,,,,,,,,,,,"true","true","Gene002Projectile","Gene002UltiProjectile",,,,,,,,,,,,,,,,,,,,,,,,,,,,,,,,
"Sandstormsleepy","Sandstorm","sleepy_sandy.scw",,"sandy_base_cam.scw","emz_intro_pose.scw",,"SandyIdle","SandyWalk","SandyAttack","SandyAttack","SandyRecoil",,"SandyRecoil",,"SandyReload","SandyPushBack","SandyWin","SandyWinloop","SandyLose","SandyLose","SandyIdle","SandyWin","SandyWinloop","SandyWin","SandyIdle","SandyIdle","SandyProfile","SandyProfile",,,,,,"SandyIdle","SandyWalk","SandyWin","SandyWinloop","SandyWinloop","SandyWinloop","SandyIdle","SandyWin","SandyWinloop","SandyIdle","SandyProfile","SandyIdle",,,,,,,,,,,,,,,,,,,,,,,,,,,,,,,,,,,,,,,
"MummyDefault","Mummy","emz_geo.scw",,"emz_base_cam.scw","emz_intro_pose.scw",,"EmzIdle","EmzWalk","EmzPrimary","EmzPrimary","EmzRecoil","EmzSecondary","EmzRecoil","EmzSecondaryRecoil","EmzReload","EmzPushback","EmzWin","EmzWinloop","EmzLose","EmzLoseloop","EmzIdle","EmzWin","EmzWinloop","EmzWin","EmzIdle","EmzIdle","EmzProfile","EmzIntro",,,,,,"EmzIdle","EmzFront","EmzWin","EmzWinLoop","EmzLose","EmzLoseLoop","EmzIdle","EmzWin","EmzWinLoop","EmzIdle","EmzFront","EmzIdle",,,,"true",,,,,,,,,,,,,,,,,,,,,,,,,,,,,,,,,,,
"Sniperrose","Sniper","piper_rose_geo.scw","piper_gadget_pistol_geo.scw","piper_portrait.scw","emz_intro_pose.scw",,"SniperIdle","SniperWalk","SniperAttack","SniperSecondary","SniperRecoil",,"SniperRecoil",,"SniperReload","SniperPushback","SniperWin","SniperWinloop","SniperLose","SniperLoseloop","SniperIdle","SniperWin","SniperWinloop","SniperWin","SniperIdle","SniperIdle","SniperProfile","SniperProfile",,,,"SniperGadgetPistolAttack","SniperGadgetPistolRecoil","PiperRoseIdleOpen","PiperRoseIdleOpen","PiperRoseWin","PiperRoseWinLoop","PiperRoseIdleClosed","PiperRoseIdleClosed","PiperRoseIdleClosed","PiperRoseWin","PiperRoseWinLoop","PiperRoseIdleClosed","PiperRoseIdleClosed","PiperRoseIdleOpen",,,,"true",,,,,,,,,,,,,,,,,,,,,,,,,,,,,,,,,,,
"SpawnerDudeDefault","SpawnerDude","mrp_geo.scw",,"mrp_portrait.scw","emz_intro_pose.scw",,"MrPIdle","MrPWalk","MrPAttack","MrPAttack","MrPRecoil",,"MrPRecoil",,,"MrPPushBack","MrPWin","MrPWinloop","MrPLose","MrPLoseloop","MrPIdle","MrPWin","MrPWinloop","MrPWin","MrPIdle","MrPIdle","MrPPortrait","MrPPortrait",,,,,,,,,,,,,,,,,,,,,"true",,,,"mrp_def_atk","mrp_def_ulti",,,,,,,,,,,,,,,,,,,,,,,,,,,,,,
"ShotgunGirlWitch","ShotgunGirl","shelly_witch_geo.scw",,"shelly_base_cam.scw","emz_intro_pose.scw",,"ShellyWitchIdle","ShellyWitchWalk","ShellyWitchPrimarySkill","ShellyWitchPrimarySkill","ShellyWitchRecoil",,"ShellyWitchRecoil",,"ShellyWitchReload","ShellyPushback","ShellyWitchHappy","ShellyWitchHappyLoop","ShellyWitchLose","ShellyWitchLoseloop","ShellyWitchIdle","ShellyWitchHappy","ShellyWitchHappyLoop","ShellyWitchHappy","ShellyWitchHappy","ShellyWitchHappy","ShellyWitchProfile","ShellyWitchProfile",,,,,,,,,,,,,,,,,,,,,"true","true","Shelly003Projectile","Shelly003UltiProjectile","shelly_003_atk","shelly_003_ulti",,,,,,,,,,,,,,,,,,,,,,,,,,,,,,
"MechanicKnightDark","Mechanic","jessie_knight_geo.scw",,"jessie_base_cam.scw","emz_intro_pose.scw",,"JunkerKnightDarkIdle","JunkerKnightWalk","JunkerKnightDarkPrimary","JunkerKnightDarkUltiAttack","JunkerKnightDarkRecoil",,"JunkerKnightDarkUltiRecoil",,"JunkerKnightDarkReload","JunkerKnightDarkPushback","JunkerKnightDarkBattleWin","JunkerKnightDarkBattleWinloop","JunkerKnightDarkLose","JunkerKnightDarkLoseloop","JunkerKnightDarkWinloop","JunkerKnightDarkWin","JunkerKnightDarkWinloop","JunkerKnightDarkBattleWin","JunkerKnightDarkIdle","JunkerKnightDarkIdle","JunkerKnightDarkPortrait","JunkerKnightDarkPortrait",,,,,,"JunkerKnightDarkIdle","JunkerKnightDarkIdle","JunkerKnightDarkIdle","JunkerKnightDarkIdle","JunkerDreamyFace","JunkerDreamyFace","JunkerKnightDarkIdle","JunkerKnightDarkIdle","JunkerKnightDarkIdle","JunkerKnightDarkIdle","JunkerKnightDarkStill","JunkerKnightDarkIdle",,,"true",,,"Jessie004Projectile1","Jessie004UltiProjectile","jessie_003_atk",,,,,,,,,,,,,,,,,,,,,,,,,,,,,,,
"TurretDragonDark","MechanicTurret","turret_dragon_geo.scw",,"portrait_cam.scw","emz_intro_pose.scw",,"Turret","Turret","Turret","Turret","TurretAttack",,"Turret",,"Turret","TurretIdle","TurretSpawn","TurretIdle",,"TurretIdle","TurretWinloop","TurretWin","TurretWinloop",,"TurretIdle","TurretIdle","Turret","Turret",,,,,,,,,,,,,,,,,,,,,,,,,"jessie_004_turret_atk",,,,,,,,,,,,,,,,,,,,,,,,,"JessieTurret004Projectile","Turret004Proj",,,,,
"HammerDudeDJ","HammerDude","frank_dj_geo.scw",,"frank_base_cam.scw","frank_intro_pose.scw",,"FrankIdle","FrankWalk","FrankPrimary","FrankSecondary","FrankRecoil",,"FrankRecoil2",,"FrankReloading","FrankPushback","FrankWin","FrankWinloop","FrankLose","FrankLoseloop","FrankIdle","FrankWin","FrankWinloop","FrankWin","FrankIdle","FrankIdle","FrankProfile","FrankIntro",,,,,,"FrankDJIdle","FrankDJIdle","FrankDJWin","FrankDJWinLoop","FrankDJIdle","FrankDJIdle","FrankDJIdle","FrankDJIdle","FrankDJIdle","FrankDJIdle","FrankDJIdle","FrankDJIdle",,,,,,,,,,,,,,,,,,,,,,,,,,,,,,,,,,,,,,,
"NinjaWolf","Ninja","leon_wolf_geo.scw",,"leon_wolf_portrait.scw","emz_intro_pose.scw",,"LeonWolfIdle","LeonWolfWalk","LeonWolfAttack","LeonWolfSecondary","LeonWolfRecoil","LeonWolfRecoil2","LeonWolfRecoil",,"LeonWolfReload","LeonWolfPushBack","LeonWolfWin","LeonWolfHappyLoop","LeonWolfLose","LeonWolfLoseLoop","LeonWolfIdle","LeonWolfWin","LeonWolfHappyLoop","LeonWolfWin","LeonWolfIdle","LeonWolfIdle","LeonWolfProfile","LeonWolfProfile",,,,,,"LeonWolfIdle","LeonWolfIdle","LeonWolfWin","LeonWolfIdle","LeonWolfIdle","LeonWolfIdle","LeonWolfIdle","LeonWolfWin","LeonWolfIdle","LeonIdle","LeonWolfIdle","LeonWolfIdle",,,,,,"Leon002Projectile",,"leon_002_atk",,,,,,,,,,,,,,,,"Leon_wolf_ulti_vo",,,,,,,,,,,,,,,
"SpeedyDefault","Speedy","max_geo.scw",,"max_portrait.scw","emz_intro_pose.scw",,"MaxIdle","MaxWalk","MaxPrimary","MaxSecondary","MaxRecoil",,"MaxSecondaryRecoil",,"MaxReload","MaxPushback","MaxWin","MaxWinloop","MaxLose","MaxLoseloop","MaxIdle","MaxWin","MaxWinloop","MaxWin","MaxIdle","MaxIdle","MaxPortrait","MaxPortrait",,,,,,"MaxIdle","MaxIdle","MaxIdle","MaxIdle","MaxLose","MaxLoseloop","MaxIdle","MaxIdle","MaxIdle",,"MaxIdle","MaxIdle",,,,,,,,"max_def_atk",,,,,,,,,,,,,,,,,,,,,,,,,,,,,,,
"LuchadorBrown","Luchador","primo_brown_geo.scw",,"primo_brown_portrait.scw","emz_intro_pose.scw",,"LuchadorBrownIdle","LuchadorBrownWalk","LuchadorBrownPrimary","LuchadorBrownSecondary","LuchadorBrownRecoil1","LuchadorBrownRecoil2","LuchadorBrownRecoil1",,,"LuchadorBrownPushback","LuchadorBrownWin","LuchadorBrownWinloop","LuchadorBrownLose","LuchadorBrownLoseloop","LuchadorBrownIdle","LuchadorBrownWin","LuchadorBrownWinloop","LuchadorBrownWin","LuchadorBrownIdle","LuchadorBrownIdle","LuchadorBrownProfile","LuchadorBrownProfile",,,,"LuchadorBrownGadgetFlipPrimary","LuchadorBrownGadgetFlipRecoil1","BrownIdle","BrownIdle","BrownWin","BrownWinLoop","BrownLose","BrownLoseLoop","BrownIdle","BrownHS","BrownIdle","BrownIdle","BrownIdle","BrownIdle","primo_003_win","primo_003_lose",,,,"Primo003Projectile",,"primo_003_atk_use",,,,"primo_003_ulti_trail","primo_003_ulti_ground_hit",,,,,,,,"LL_Kill","No_vo","LL_Start","No_vo","LL_Hurt","LL_Die","No_vo",,,,,,,,,,,,
"HomerDefault","Homer","spike_geo.scw",,"spike_base_cam.scw","emz_intro_pose.scw",,"SpikeIdle","SpikeWalk","SpikePrimary","SpikeSecondary","SpikeRecoil",,"SpikeRecoil2",,"SpikeReload","SpikeIdle","SpikeWin","SpikeWinloop","SpikeLose","SpikeLoseloop","SpikeIdle","SpikeWin","SpikeWinloop","SpikeWin","SpikeIdle","SpikeIdle","SpikeProfile","SpikeProfile",,,,,,,,,,,,,,,,,,,,,,,,,,,,,,,,,,,,,,,,,,,,,,,,,,,,,,,,
"TrickshotDudeTotal","TrickshotDude","rico_og_geo.scw",,"rico_base_cam.scw","emz_intro_pose.scw",,"RicoIdle","RicoWalk","RicoPrimary","RicoSecondary","RicoRecoil",,"RicoRecoil",,"RicoReload","RicoPushback","RicoWin","RicoWinloop","RicoLose","RicoLoseloop","RicoIdle","RicoWin","RicoWinloop","RicoWin","RicoIdle","RicoIdle","RicoProfile","RicoProfile",,,,,,,,,,,,,,,,,,,,,,,,,,,,,,,,,,,,,,,,,,,,,,,,,,,,,,,,
"NinjaSally","Ninja","leon_sally_geo.scw",,"leon_base_cam.scw","emz_intro_pose.scw",,"LeonIdle","LeonWalk","LeonAttack","LeonSecondary","LeonRecoil","LeonRecoil2","LeonRecoil",,"LeonReload","LeonPushback","LeonSallyWin","LeonSallyWinloop","LeonLose","LeonLoseloop","LeonIdle","LeonSallyWin","LeonSallyWinloop","LeonSallyWin","LeonIdle","LeonIdle","LeonProfile","LeonProfile",,,,,,"LeonIdle","LeonIdle","LeonWin","LeonWinLoop","LeonLose","LeonLoseLoop","LeonIdle","LeonWin","LeonWinLoop","LeonIdle","LeonIdle","LeonIdle",,,,,,"Leon003Projectile",,,,,"leon_003_atk","leon_003_ulti",,,,,,,,,,,,,,,,,,,,,,,,,,,
"WhirlwindLeonard","Whirlwind","carl_leonard_geo.scw",,"carl_leonard_cam.scw","emz_intro_pose.scw",,"CarlIdle","CarlWalk","CarlAttack","CarlSecondary","CarlAttackRecoil",,"CarlSecondaryRecoil",,"CarlReload","CarlIdle","CarlWin","CarlWinloop","CarlLose","CarlLoseloop","CarlIdle","CarlWin","CarlWinloop","CarlWin","CarlIdle","CarlIdle","CarlProfile","CarlProfile",,,,,,"CarlLeonardIdle","CarlLeonardIdle","CarlLeonardHappy","CarlLeonardIdle","CarlLeonardSad","CarlLeonardSadLoop","CarlLeonardIdle","CarlLeonardIdle","CarlLeonardIdle","CarlLeonardIdle","CarlLeonardIdle","CarlLeonardIdle",,"carl_004_lose",,,,"Carl004Projectile",,,,,"carl_004_atk",,,,,,,,,,,,,,,,,,,,,,,,,,,,
"TntDudeSantaRope",,"dynamike_santa_rope_geo.scw",,"dynamike_base_cam.scw","emz_intro_pose.scw",,,,,,,,,,,,,,,,,,,,,,,,,,,,,,,,,,,,,,,,,,,,,,,,,,,,,,,,,,,,,,,,,,,,,,,,,,,,,,,
"WhirlwindPirate","Whirlwind","carl_pirate_geo.scw",,"carl_base_cam.scw","emz_intro_pose.scw",,"CarlPirateIdle","CarlPirateWalk","CarlPirateAttack","CarlPirateSecondary","CarlPirateAttackRecoil",,"CarlPirateSecondaryRecoil",,"CarlPirateReload","CarlPiratePushback","CarlPirateWin","CarlPirateWinloop","CarlPirateLose","CarlPirateLoseloop","CarlPirateIdle","CarlPirateWin","CarlPirateWinloop","CarlPirateWin","CarlPirateIdle","CarlPirateIdle","CarlPirateProfile","CarlPirateProfile",,,,,,"CarlPirateIdle","CarlPirateIdle","CarlPirateIdle","CarlPirateIdle","CarlPirateAngry","CarlPirateAngryloop","CarlPirateIdle","CarlPirateIdle","CarlPirateIdle","CarlPirateIdle","CarlPirateProfile","CarlPirateIdle",,,,,,"Carl005Projectile",,,,,,,,,,,"carl_005_ulti_ground",,,,,,,,,,,,,,,,,,,"carl_005_moving","carl_005_still",,
"GunslingerPirate","Gunslinger","colt_pirate_geo.scw",,"colt_base_cam.scw","emz_intro_pose.scw",,"GunslingerPirateIdle","GunslingerPirateWalk","GunslingerPiratePrimary","GunslingerPiratePrimary","GunslingerPirateRecoil","GunslingerPirateRecoil2","GunslingerPirateRecoil","GunslingerPirateRecoil2","GunslingerPirateReload","GunslingerPiratePushBack","GunslingerPirateWin","GunslingerPirateWinloop","GunslingerPirateLose","GunslingerPirateLoseloop","GunslingerPirateIdle","GunslingerPirateWin","GunslingerPirateWinloop","GunslingerPirateWin","GunslingerPirateIdle","GunslingerPirateIdle","GunslingerPirateProfile","GunslingerPirateProfile",,,,,,,,,,,,,,,,,,,,,,,"Colt003Projectile","Colt003UltiProjectile","colt_003_atk","colt_003_ulti",,,,,,,,,,,,,,,,,,,,,,,,,,,,,,
"CtfGift",,"item_present_red.scw",,"portrait_cam.scw","emz_intro_pose.scw",,,,,,,,,,,,,,,,,,,,,,,,,,,,,,,,,,,,,,,,,,,,,,,,,,,,,,,,,,,,,,,,,,,,,,,,,,,,,,,
"SpeedyGT","Speedy","max_geo.scw",,"max_portrait.scw","emz_intro_pose.scw",,"MaxIdle","MaxWalk","MaxPrimary","MaxSecondary","MaxRecoil",,"MaxSecondaryRecoil",,"MaxReload","MaxPushback","MaxWin","MaxWinloop","MaxLose","MaxLoseloop","MaxIdle","MaxWin","MaxWinloop","MaxWin","MaxIdle","MaxIdle","MaxPortrait","MaxPortrait",,,,,,"MaxIdle","MaxIdle","MaxIdle","MaxIdle","MaxLose","MaxLoseloop","MaxIdle","MaxIdle","MaxIdle",,"MaxIdle","MaxIdle",,,,,,,,"max_def_atk",,,,,,,,,,,,,,,,,,,,,,,,,,,,,,,
"BeeSniperDefaultAddonBee",,"bee_geo.scw",,,,,"BeeSmallIdle",,,,,,,,,,"BeeSmallIdle","BeeSmallIdle","BeeSmallIdle","BeeSmallIdle","BeeSmallIdle","BeeSmallIdle","BeeSmallIdle","BeeSmallIdle","BeeSmallIdle","BeeSmallIdle","BeeSmallIdle","BeeSmallIdle",,,,,,,,,,,,,,,,,,,,,,,,,,,,,,,,,,,,,,,,,,,,,,,,,,,,,,,,
"BeeSniperLadyBug","BeeSniper","bea_ladybug_geo.scw",,"bea_portrait.scw","emz_intro_pose.scw",,"BeaIdle","BeaWalk","BeaAttack","BeaAttack","BeaRecoil",,"BeaRecoil",,"BeaReload","BeaPushback","BeaWin","BeaWinloop","BeaLose","BeaLoseloop","BeaIdle","BeaWin","BeaWinloop","BeaWin","BeaIdle","BeaIdle","BeaPortrait","BeaPortrait",,,,,,"BeaIdle",,"BeaHappy","BeaIdle","BeaLose","BeaLoseloop","BeaIdle","BeaHappy","BeaIdle",,,"BeaIdle",,,,"true","true",,,,"bea_def_ulti",,,,,,,,,,,,,,,,,,,,,,,,,,,,,"bea_def_atk_charged",
"PocoPirate","DeadMariachi","poco_pirate_geo.scw",,"poco_base_cam.scw","emz_intro_pose.scw",,"PocoPirateIdle","PocoPirateWalk","PocoAttack","PocoSecondary","PocoRecoil",,"PocoRecoil",,"PocoReload","PocoPushback","PocoPirateHappy","PocoPirateHappyLoop","PocoPirateLose","PocoPirateLoseloop","PocoPirateIdle","PocoPirateHappy","PocoPirateHappyLoop","PocoPirateHappy","PocoPirateIdle","PocoPirateIdle","PocoPirateProfile","PocoPirateProfile",,,,,,,,,,,,,,,,,,,,,,,"Poco003Projectile","Poco003UltiProjectile","poco_003_atk_direct",,,"poco_003_atk_root","poco_003_atk_root",,,,,,,,,,,,,,,,,,,,,,,,,,,
"BeeSniperLadyBugAddonBee",,"bee_ladybug_geo.scw",,,,,"BeeSmallIdle",,,,,,,,,,"BeeSmallIdle","BeeSmallIdle","BeeSmallIdle","BeeSmallIdle","BeeSmallIdle","BeeSmallIdle","BeeSmallIdle","BeeSmallIdle","BeeSmallIdle","BeeSmallIdle","BeeSmallIdle","BeeSmallIdle",,,,,,,,,,,,,,,,,,,,,,,,,,,,,,,,,,,,,,,,,,,,,,,,,,,,,,,,
"DrillerDefault","Driller","jacky_geo.scw",,"jacky_portrait.scw","emz_intro_pose.scw",,"JackyIdle","JackyWalk","JackyAttack","JackySuper","JackyRecoil",,"JackySuperRecoil",,"JackyIdle","JackyIdle","JackyHappy","JackyHappyLoop","JackyLose","JackyLoseloop","JackyIdle","JackyHappy","JackyHappyLoop","JackyHappy","JackyIdle","JackyIdle","JackyPortrait","JackyPortrait",,,,,,"JackyIdle","JackyIdle","JackyWin","JackyWinLoop","JackyLose","JackyLoseLoop","JackyIdle","JackyWin","JackyWinLoop","JackyIdle","JackyPortrait","JackyIdle",,,,,,,,,,,,,,,,,,,,,,,,,,,,,,,,,,,,"driller_def_moving",,,
"ArcadeVirus","Arcade","8bit_virus_geo.scw",,"8bit_virus_portrait.scw","emz_intro_pose.scw",,"8bitVirusIdle","8BitVirusWalk","8bitVirusAttack","8bitVirusIdle","8bitVirusRecoil",,"8bitVirusIdle",,"8bitVirusReload","8bitVirusPushback","8bitVirusWin","8bitVirusWinloop","8bitVirusLose","8bitVirusLoseloop","8bitVirusWinloop","8bitVirusWin","8bitVirusWinloop","8bitVirusWin","8bitVirusIdle","8bitVirusIdle","8bitVirusProfile","8bitVirusProfile",,,,,,"ArcadeVirusFace","ArcadeVirusFace","ArcadeVirusFace","ArcadeVirusFaceloop","ArcadeVirusLose","ArcadeVirusLoseloop","ArcadeVirusFaceloop","ArcadeVirusFace","ArcadeVirusFaceloop",,"ArcadeVirusFace","ArcadeVirusFace",,,,,,"Arcade002Projectile","Arcade002UltiProjectile","arcade_002_atk",,"true",,,,,,,,"Arcade002Ulti","Arcade002Ulti_larger",,"8bit_Virus_Kill_VO","8bit_Virus_Lead_VO","8bit_Virus_Start_VO","8bit_Virus_Ulti_VO","8bit_Virus_Hurt_VO","8bit_Virus_Die_VO",,,,,,,,,,"arcade_002_moving",,,
"BlackHoleStreetNinja","BlackHole","tara_streetninja_geo.scw",,"tara_streetninja_portrait.scw","emz_intro_pose.scw",,"TaraStreetninjaIdle","TaraStreetninjaWalk","TaraStreetninjaPrimary","TaraStreetninjaSecondary","TaraStreetninjaRecoil",,"TaraStreetninjaSecondaryRecoil",,"TaraStreetninjaReload","TaraStreetninjaIdle","TaraStreetninjaWin","TaraStreetninjaWinloop","TaraStreetninjaLose","TaraStreetninjaLoseloop","TaraStreetninjaIdle","TaraStreetninjaWin","TaraStreetninjaWinloop","TaraStreetninjaWin","TaraStreetninjaIdle","TaraStreetninjaIdle","TaraStreetninjaProfile","TaraStreetninjaProfile",,,,,,"TaraStreeninjaFaceIdle","TaraStreeninjaFaceIdle","TaraStreeninjaFaceIdle","TaraStreeninjaFaceIdle","TaraStreeninjaFaceIdle","TaraStreeninjaFaceIdle","TaraStreeninjaFaceIdle","TaraStreeninjaFaceIdle","TaraStreeninjaFaceIdle","TaraStreeninjaFaceIdle","TaraStreeninjaFaceIdle","TaraStreeninjaFaceIdle",,,,"true","true","Tara002Projectile","Tara002UltiProjectile","tara_002_atk",,"true",,,,,,,,,,,,,,,,,,,,,,,,,,,,,
"BaseballGamer","Baseball","bibi_gamer_geo.scw",,"bibi_gamer_portrait.scw","emz_intro_pose.scw",,"BibiGamerIdle","BibiGamerWalk","BibiGamerPrimary","BibiGamerSecondary","BibiGamerRecoil",,"BibiGamerRecoil2",,,"BibiGamerPushback","BibiGamerWin","BibiGamerWinloop","BibiGamerLose","BibiGamerLoseloop","BibiGamerIdle","BibiGamerWin","BibiGamerWinloop","BibiGamerWin","BibiGamerIdle","BibiGamerIdle","BibiGamerProfile","BibiGamerProfile",,,,,,"BibiGamer_Idle","BibiGamer_Idle","BibiGamer_Win","BibiGamer_Idle","BibiGamer_Idle","BibiGamer_Idle","BibiGamer_Idle","BibiGamer_Win","BibiGamer_Idle","BibiGamer_Idle","BibiGamer_Idle","BibiGamer_Idle",,,,,,,"Bibi002UltiProjectile","bibi_002_atk",,,,,,,,,,,,,,,,,,,,,,,,,,,,,,,
"SniperValentines","Sniper","piper_valentines_geo.scw","piper_gadget_pistol_geo.scw","piper_valentines_cam.scw","emz_intro_pose.scw",,"SniperValentinesIdle","SniperValentinesWalk","SniperValentinesAttack","SniperSecondary","SniperValentinesRecoil",,"SniperValentinesRecoil",,"SniperValentinesReload","SniperPushback","SniperValentinesWin","SniperValentinesWinloop","SniperValentinesLose","SniperValentinesLoseloop","SniperValentinesIdle","SniperValentinesWin","SniperValentinesWinloop","SniperValentinesWin","SniperValentinesIdle","SniperValentinesIdle","SniperProfile","SniperProfile",,,,"SniperGadgetPistolAttack","SniperGadgetPistolRecoil","PiperIdleOpen","PiperIdleOpen","PiperWin","PiperWinLoop","PiperIdleClosed","PiperIdleClosed","PiperIdleClosed","PiperWin","PiperWinLoop","PiperIdleClosed","PiperIdleClosed","PiperIdleOpen",,,,"true",,"Piper002Projectile",,"piper_002_atk",,,,"piper_002_ulti",,,,,,,,"ValentineBomb",,,,,,,,,,,,,,,,,,,
"ShamanKoala","Shaman","nita_koala_geo.scw",,"nita_base_cam.scw","emz_intro_pose.scw",,"ShamanIdle","ShamanWalk","ShamanAttack","ShamanSecondary","ShamanRecoil",,"ShamanRecoil",,"ShamanReload","ShamanPushback","ShamanWin","ShamanWinloop","ShamanLose","ShamanLoseloop","ShamanIdle","ShamanWin","ShamanWinloop","ShamanWin","ShamanIdle","ShamanIdle","ShamanProfile","ShamanProfile",,,,,,,,,,,,,,,,,,,,,,,,,,,,,,,,,,,,,,,,,,,,,,,,,,,,,,,,
"ShamanBearKoala","ShamanPet","bear_koala_geo.scw",,"portrait_cam.scw","emz_intro_pose.scw",,"BearShibaIdle","BearWalk","BearAttack","BearShibaIdle","BearRecoil",,"BearShibaIdle",,"BearShibaIdle","BearPushback","BearShibaIdle","BearShibaIdle","BearShibaIdle","BearShibaIdle","BearShibaIdle","BearShibaIdle","BearShibaIdle","BearShibaIdle","BearShibaIdle","BearShibaIdle","BearShibaIdle","BearShibaIdle",,,,,,,,,,,,,,,,,,,,,,,,,,,,,,,,,,,,,,,,,,,,,,,,,,,,,,,,
"SpawnerPetDefault","SpawnerPet","mrp_pet_geo.scw:base_GEO+body_GEO+beak_top_GEO+beak_bottom_GEO",,"portrait_cam.scw","emz_intro_pose.scw",,"MrPPetIdle","MrPPetWalk","MrPPetIdle","MrPPetIdle","MrPPetIdle",,"MrPPetIdle",,"MrPPetIdle","MrPPetIdle","MrPPetIdle","MrPPetIdle","MrPPetIdle","MrPPetIdle","MrPPetIdle","MrPPetIdle","MrPPetIdle","MrPPetIdle","MrPPetIdle","MrPPetIdle","MrPPetIdle","MrPPetIdle",,,,,,"MrPPetOn","MrPPetOn","MrPPetOn","MrPPetOn","MrPPetOn","MrPPetOn","MrPPetOn","MrPPetOn","MrPPetOn","MrPPetOn","MrPPetOn","MrPPetOn",,,,,,,,"mrp_def_pet_attack",,,,,,,"mrp_def_pet_summon",,,,,,,,,,,,,,,,,,,,,,,,
"SpawnerDudeTurretDefault","SpawnerDudeTurret","mrp_pet_geo.scw",,"portrait_cam.scw","emz_intro_pose.scw",,"MrPSpawnerIdle","MrPSpawnerIdle","MrPSpawnerIdle","MrPSpawnerIdle","MrPSpawnerIdle",,"MrPSpawnerIdle",,"MrPSpawnerIdle","MrPSpawnerIdle","MrPSpawnerSpawn","MrPSpawnerSpawnLoop","MrPSpawnerIdle","MrPSpawnerIdle","MrPSpawnerIdle","MrPSpawnerSpawn","MrPSpawnerSpawnLoop","MrPSpawnerIdle","MrPSpawnerIdle","MrPSpawnerIdle","MrPSpawnerIdle","MrPSpawnerIdle",,,,,,"MrPPetOff","MrPPetOff","MrPPetOff","MrPPetOff","MrPPetOff","MrPPetOff","MrPPetOn","MrPPetOn","MrPPetOn","MrPPetOn","MrPPetOn","MrPPetOff",,,,,"true",,,,,,,,,,,,,,,,,,,,,,,,,,,,,,,,,,
"SpawnerDudeAgentP","SpawnerDude","mrp_agentp_geo.scw",,"mrp_portrait.scw","emz_intro_pose.scw",,"MrPIdle","MrPWalk","MrPAttack","MrPAttack","MrPRecoil",,"MrPRecoil",,,"MrPPushBack","MrPAgentWin","MrPAgentWinloop","MrPLose","MrPLoseloop","MrPIdle","MrPAgentWin","MrPAgentWinloop","MrPAgentWin","MrPIdle","MrPIdle","MrPPortrait","MrPPortrait",,,,,,,,,,,,,,,,,,,,,"true",,,,"mrp_def_atk","mrp_def_ulti",,,,,,,,,,,,,,,,,,,,,,,,,,,,,,
"SpawnerPetAgentP","SpawnerPet","mrp_pet_geo.scw:base_GEO+body_GEO+beak_top_GEO+beak_bottom_GEO",,"portrait_cam.scw","emz_intro_pose.scw",,"MrPPetIdle","MrPPetWalk","MrPPetIdle","MrPPetIdle","MrPPetIdle",,"MrPPetIdle",,"MrPPetIdle","MrPPetIdle","MrPPetIdle","MrPPetIdle","MrPPetIdle","MrPPetIdle","MrPPetIdle","MrPPetIdle","MrPPetIdle","MrPPetIdle","MrPPetIdle","MrPPetIdle","MrPPetIdle","MrPPetIdle",,,,,,"MrPAgentpPetOn","MrPAgentpPetOn","MrPAgentpPetOn","MrPAgentpPetOn","MrPAgentpPetOn","MrPAgentpPetOn","MrPAgentpPetOn","MrPAgentpPetOn","MrPAgentpPetOn","MrPAgentpPetOn","MrPAgentpPetOn","MrPAgentpPetOn",,,,,,,,"mrp_def_pet_attack",,,,,,,"mrp_def_pet_summon",,,,,,,,,,,,,,,,,,,,,,,,
"SpawnerDudeTurretAgentP","SpawnerDudeTurret","mrp_pet_geo.scw",,"portrait_cam.scw","emz_intro_pose.scw",,"MrPSpawnerIdle","MrPSpawnerIdle","MrPSpawnerIdle","MrPSpawnerIdle","MrPSpawnerIdle",,"MrPSpawnerIdle",,"MrPSpawnerIdle","MrPSpawnerIdle","MrPSpawnerSpawn","MrPSpawnerSpawnLoop","MrPSpawnerIdle","MrPSpawnerIdle","MrPSpawnerIdle","MrPSpawnerSpawn","MrPSpawnerSpawnLoop","MrPSpawnerIdle","MrPSpawnerIdle","MrPSpawnerIdle","MrPSpawnerIdle","MrPSpawnerIdle",,,,,,"MrPAgentpPetOff","MrPAgentpPetOff","MrPAgentpPetOff","MrPAgentpPetOff","MrPAgentpPetOff","MrPAgentpPetOff","MrPAgentpPetOn","MrPAgentpPetOn","MrPAgentpPetOn","MrPAgentpPetOn","MrPAgentpPetOn","MrPAgentpPetOff",,,,,"true",,,,,,,,,,,,,,,,,,,,,,,,,,,,,,,,,,
"BlowerDefault","Blower","gale_geo.scw",,"gale_base_cam.scw","emz_intro_pose.scw",,"GaleIdle","GaleWalk","GalePrimary","GalePrimary","GaleRecoil",,"GaleRecoil",,"GaleIdle","GalePushback","GaleWin","GaleWinloop","GaleLose","GaleLoseloop","GaleIdle","GaleWin","GaleWinloop","GaleWin","GaleIdle","GaleLose","GalePortrait","GaleIdle",,,,,,,,,,,,,,,,,,,,,"true","true",,,"gale_def_atk","gale_def_ulti",,,,,,,,,,,,,,,,,,,,,,,,,,,,,,
"ControllerDefault","Controller","nani_geo.scw",,"nani_base_cam.scw","emz_intro_pose.scw",,"NaniIdle","NaniWalk","NaniAttack","NaniSecondary","NaniRecoil",,,,"NaniReload","NaniPushback","NaniWin","NaniWinloop","NaniLose","NaniLoseloop","NaniIdle","NaniWin","NaniWinloop","NaniWin","NaniIdle","NaniIdle","NaniPortrait","NaniIdle",,,,,,,,,,,,,,,,,,,,"true","true",,,,"jessie_003_atk",,,,,,,,,,,,,,,,,,,,,,,,,,,,,,,
"WallyDefault","Wally","sprout_geo.scw",,"sprout_portrait.scw","emz_intro_pose.scw",,"SproutIdle","SproutWalk","SproutPrimary","SproutPrimary","SproutRecoil",,"SproutRecoil",,"SproutReload","SproutPushback","SproutWin","SproutWinloop","SproutLose","SproutLoseloop","SproutIdle","SproutWin","SproutWinloop","SproutWin","SproutIdle","SproutIdle","SproutPortrait","SproutPortrait",,,,,,,,,,,,,,,,,,,,,"true","true",,,,,,,,,,,,,,,,,,,,,,,,,,,,,,,,,,
"BarrelBotFootball","BarrelBot","darryl_fb_geo.scw",,"darryl_base_cam.scw","emz_intro_pose.scw",,"DarrylFootballIdle","DarrylFootballWalk","DarrylFootballPrimary","DarrylFootballSecondary","DarrylFootballRecoil","DarrylFootballRecoil2","DarrylFootballRecoil",,"DarrylFootballReload","DarrylFootballPushback","DarrylFootballWin","DarrylFootballWinloop","DarrylFootballLose","DarrylFootballLoseloop","DarrylFootballIdle","DarrylFootballWin","DarrylFootballWinloop","DarrylFootballWinloop","DarrylFootballHide","DarrylFootballHide","DarrylFootballProfile","DarrylFootballProfile",,,,,,,,,,,,,,,,,,,,,,,"Darryl003Projectile",,"darryl_003_atk",,,,,,,,,,,,,,,,,,,,,,,,,,,,,,,
"ShotgunGirlFootball","ShotgunGirl","shelly_fb_geo.scw",,"shelly_base_cam.scw","emz_intro_pose.scw",,"ShellyIdle","ShellyWalk","ShellyPrimary","ShellySecondary","ShellyRecoil",,"ShellyRecoil",,"ShellyReload","ShellyPushback","ShellyWin","ShellyWinloop","ShellyLose","ShellyLoseloop","ShellyIdle","ShellyWin","ShellyWinloop","ShellyWin","ShellyIdle","ShellyIdle","ShellyProfile","ShellyProfile",,,,,,,,,,,,,,,,,,,,,"true","true",,,,,,,,,,,,,,,,,,,,,,,,,,,,,,,,,,
"TntDudeFootball","TntDude","dynamike_coach_geo.scw",,"dynamike_base_cam.scw","emz_intro_pose.scw",,"DynamikeCoachIdle","DynamikeCoachWalk","DynamikeCoachPrimary","DynamikeCoachSecondary","DynamikeCoachRecoil",,"DynamikeCoachUlti",,"DynamikeCoachReload","DynamikeCoachPushback","DynamikeCoachWin","DynamikeCoachWinloop","DynamikeCoachLose","DynamikeCoachLoseloop","DynamikeCoachIdle","DynamikeCoachWin","DynamikeCoachWinloop","DynamikeCoachWin","DynamikeCoachIdle","DynamikeCoachIdle","TntguyProfile","TntguyProfile",,,,,,,,,,,,,,,,,,,,,"true","true","Mike005Projectile","Mike005UltiProjectile",,,,,,,,,,,,,,,,,,,,,,,,,,,,,,,,
"BallArena",,"brawl_ball_football.scw",,"portrait_cam.scw","emz_intro_pose.scw",,,,,,,,,,,,,,,,,,,,,,,,,,,,,,,,,,,,,,,,,,,,,,,,,,,,,,,,,,,,,,,,,,,,,,,,,,,,,,,
"MechanicTanuki","Mechanic","jessie_tanuki_geo.scw",,"jessie_base_cam.scw","emz_intro_pose.scw",,"JessieTanukiIdle","JessieTanukiWalk","JessieTanukiPrimary","JessieTanukiUltiAttack","JessieTanukiRecoil",,"JessieTanukiUltiRecoil",,"JessieTanukiReload","JessieTanukiPushback","JessieTanukiWin","JessieTanukiWinloop","JessieTanukiLose","JessieTanukiLoseloop","JessieTanukiIdle","JessieTanukiWin","JessieTanukiWinloop","JessieTanukiWin","JessieTanukiIdle","JessieTanukiIdle","JunkerProfile","JunkerProfile",,,,,,"JunkerFace","JunkerFace","JunkerFace","JunkerDreamyFace","JunkerDreamyFace","JunkerDreamyFace","JunkerFace","JunkerFace","JunkerDreamyFace","JunkerFace","JunkerStillFace","JunkerFace",,,,,,"Jessie005Projectile1","Jessie005UltiProjectile","jessie_005_atk",,,,,,,,,,,,,,,,,,,,,,,,,,,,,,,
"BowDudeHorus","BowDude","bo_falcon_geo.scw",,"bo_falcon_portrait.scw","emz_intro_pose.scw",,"BoFalconIdle","BoFalconWalk","BoFalconAttack","BoFalconSecondary","BoFalconRecoil",,"BoFalconRecoil2",,,"BoFalconIdle","BoFalconWin","BoFalconWinloop","BoFalconLose","BoFalconLoseloop","BoFalconIdle","BoFalconWin","BoFalconWinloop","BoFalconWin","BoFalconIdle","BoFalconIdle","BoFalconProfile","BoFalconProfile",,,,,,,,,,,,,,,,,,,,,,,"Bo003Projectile","Bo003UltiProjectile","bo_003_atk",,"true",,,,,,,,,,"MineHorus",,,,,,,,,,,,,,,,,,,"true"
"BallArenaPSG",,"brawl_ball_football_psg.scw",,"portrait_cam.scw","emz_intro_pose.scw",,,,,,,,,,,,,,,,,,,,,,,,,,,,,,,,,,,,,,,,,,,,,,,,,,,,,,,,,,,,,,,,,,,,,,,,,,,,,,,
"ArtilleryDudeDarkBunny","ArtilleryDude","penny_darkbunny_geo.scw",,"penny_base_cam.scw","emz_intro_pose.scw",,"ArtilleryGalIdle","ArtilleryGalBunnyWalk","ArtilleryGalPrimary","ArtilleryGalUltiAttack","ArtilleryGalRecoil",,"ArtilleryGalUltiRecoil",,"ArtilleryGalReload","ArtilleryGalPushback","ArtilleryGalBunnyWin","ArtilleryGalBunnyWinloop","ArtilleryGalLose","ArtilleryGalBunnyLoseloop","ArtilleryGalIdle","ArtilleryGalBunnyWin","ArtilleryGalBunnyWinloop","ArtilleryGalBunnyWin","ArtilleryGalIdle","ArtilleryGalIdle","ArtilleryGalProfile","ArtilleryGalProfile",,,,,,"PennyFace","PennyFace","PennyFace","PennyFace","PennyFace","PennyFace","PennyFace","PennyFace","PennyFace","PennyFace","PennyFace","PennyFace",,,,,,"Penny004Projectile","Penny004UltiProjectile",,,,,,,,,,,,,,,,,,,,,,,,,,,,,,,,
"ArtilleryTurretDarkBunny","ArtilleryDudeTurret","bunny_turret_geo.scw",,"portrait_cam.scw","emz_intro_pose.scw",,"ArtilleryBunnyIdle","ArtilleryBunnyIdle","ArtilleryBunnyIdle","ArtilleryBunnyIdle","ArtilleryBunnyAttack",,"ArtilleryBunnyIdle",,"ArtilleryBunnyIdle","ArtilleryBunnyIdle","ArtilleryBunnySpawn","ArtilleryBunnyIdle",,"ArtilleryBunnyIdleMenu","ArtilleryBunnyIdleMenu","ArtilleryBunnyIdleMenu","ArtilleryBunnyIdleMenu",,"ArtilleryBunnyIdleMenu","ArtilleryBunnyIdleMenu","ArtilleryIdle","ArtilleryIdle",,,,,,,,,,,,,,,,,,,,,,,,,,,,,,,,"penny_003_ulti_spawn",,,,,,,,,,,,,,,,,,,,,,,,
"MummyCollege","Mummy","emz_college_geo.scw",,"emz_base_cam.scw","emz_intro_pose.scw",,"EmzIdle","EmzWalk","EmzPrimary","EmzPrimary","EmzRecoil","EmzSecondary","EmzRecoil","EmzSecondaryRecoil","EmzReload","EmzPushback","EmzWin","EmzWinloop","EmzLose","EmzLoseloop","EmzIdle","EmzWin","EmzWinloop","EmzWin","EmzIdle","EmzIdle","EmzProfile","EmzProfile",,,,,,"EmzIdle","EmzFront","EmzWin","EmzWinLoop","EmzLose","EmzLoseLoop","EmzIdle","EmzWin","EmzWinLoop","EmzIdle","EmzFront","EmzIdle",,,,"true",,,,,,,,,,,,,,,,,,,,,,,,,,,,,,,,,,,
"BeeSniperSlowPotDefault","BeeSniperSlowPot","bea_gadget_honeypot_geo.scw",,"portrait_cam.scw","emz_intro_pose.scw",,"ArtilleryBunnyIdle","ArtilleryBunnyIdle","ArtilleryBunnyIdle","ArtilleryBunnyIdle","ArtilleryBunnyAttack",,"ArtilleryBunnyIdle",,"ArtilleryBunnyIdle","ArtilleryBunnyIdle","ArtilleryBunnySpawn","ArtilleryBunnyIdle",,"ArtilleryBunnyIdleMenu","ArtilleryBunnyIdleMenu","ArtilleryBunnyIdleMenu","ArtilleryBunnyIdleMenu",,"ArtilleryBunnyIdleMenu","ArtilleryBunnyIdleMenu","ArtilleryIdle","ArtilleryIdle",,,,,,,,,,,,,,,,,,,,,,,,,,,,,,,,"penny_003_ulti_spawn",,,,,,,,,,,,,,,,,,,,,,,,
"MechanicTurretTanuki","MechanicTurret","turret_jessie_tanuki_geo.scw",,"portrait_cam.scw","emz_intro_pose.scw",,"Turret","Turret","Turret","Turret","TurretAttack",,"Turret",,"Turret","TurretIdle","TurretSpawn","TurretIdle",,"TurretIdle","TurretIdle","TurretSpawn","TurretIdle",,"TurretIdle","TurretIdle","Turret","Turret",,,,,,,,,,,,,,,,,,,,,,,,,"jessie_005_turret_atk",,,,,,,,,,,,,,,,,,,,,,,,,"JessieTurret005Projectile","Turret005Proj",,,,,
"BowDudeTotemDefault","BowDudeTotem","bo_gadget_totem_geo.scw",,"portrait_cam.scw","emz_intro_pose.scw",,"8bitTurretIdle","8bitTurretIdle","8bitTurretIdle","8bitTurretIdle","8bitTurretIdle",,"8bitTurretIdle",,"8bitTurretIdle","8bitTurretIdle","8bitTurretSpawn","8bitTurretIdle",,"8bitTurretIdle","8bitTurretIdle",,"8bitTurretIdle",,"8bitTurretIdle","8bitTurretIdle","8bitTurretIdle","8bitTurretIdle",,,,,,,,,,,,,,,,,,,,,,,,,,,"true",,,,,,,,,,,,,,,,,,,,,,,,,,,,,
"PamOriginal","MinigunDude","minigunner_geo.scw:body+head+nozzle+hose+backpack",,"pam_base_cam.scw","emz_intro_pose.scw",,"MinigunnerIdle","MinigunnerWalk","MinigunnerPrimary","MinigunnerSecondary","MinigunnerRecoil",,"MinigunnerRecoil2",,"MinigunnerReload","MinigunnerPushback","MinigunnerWin","MinigunnerWinloop","MinigunnerLose","MinigunnerLoseloop","MinigunnerIdle","MinigunnerWin","MinigunnerWinloop","MinigunnerWin","MinigunnerIdle","MinigunnerIdle","MinigunnerProfile","MinigunnerProfile",,,,,,"PamFace","PamFace","PamHappy","PamFace","PamFace","PamFace","PamFace","PamHappy","PamFace","PamFace","PamFace","PamFace",,,,,,,,,,,,,,,,,,,,,,,,,,,,,,,,,,,,,,,
"TrickshotDudeBazaar","TrickshotDude","rico_dark_geo.scw",,"rico_dark_cam.scw","emz_intro_pose.scw",,"RicoDarkIdle","RicoDarkWalk","RicoDarkPrimary","RicoDarkSecondary","RicoDarkRecoil",,"RicoDarkRecoil",,"RicoDarkReload","RicoDarkPushback","RicoDarkWin","RicoDarkWinloop","RicoDarkLose","RicoDarkLoseloop","RicoDarkIdle","RicoDarkWin","RicoDarkWinloop","RicoDarkWin","RicoDarkIdle","RicoDarkIdle","RicoDarkProfile","RicoDarkProfile",,,,,,,,,,,,,,,,,,,,,,,"Rico004Projectile","Rico004UltiProjectile","rico_004_atk","rico_004_ulti",,,,,,,,,,,,"Evil_Rick_kill_vo","Evil_Rick_lead_vo","Evil_Rick_start_vo","Evil_Rick_ulti_vo","Evil_Rick_hurt_vo","Evil_Rick_die_vo",,,,,,,,,,,,,
"HookDudeBazaar","HookDude","gene_dark_geo.scw",,"gene_dark_cam.scw","emz_intro_pose.scw",,"GeneDarkIdle","GeneDarkWalk","GeneDarkAttack","GeneDarkSecondary","GeneDarkAttackRecoil",,"GeneDarkSecondaryRecoil",,"GeneDarkReload","GeneDarkPushback","GeneDarkWin","GeneDarkWinloop","GeneDarkLose","GeneDarkLoseloop","GeneDarkIdle","GeneDarkWin","GeneDarkWinloop","GeneDarkWin","GeneDarkIdle","GeneDarkIdle","GeneDarkProfile","GeneDarkProfile",,,,,,"GeneBazaarIdle","GeneBazaarIdle","GeneBazaarHappy","GeneBazaarIdle","GeneBazaarSad","GeneBazaarIdle","GeneBazaarIdle","GeneBazaarHappy","GeneBazaarIdle","GeneBazaarIdle","GeneBazaarIdle","GeneBazaarIdle",,,,"true","true","Gene003Projectile","Gene003UltiProjectile","gene_003_atk","gene_003_ulti",,,,,,,,,,,,"Evil_Gene_VO","Evil_Gene_VO","Evil_Gene_VO","Evil_Gene_VO","Evil_Gene_VO","Evil_Gene_VO",,"gene_003_idle_hand_L","gene_003_idle_hand_R",,,"always",,,,,,,
"UndertakerBazaar","Undertaker","mortis_dark_geo.scw",,"mortis_dark_cam.scw","emz_intro_pose.scw",,"MortisDarkIdle","MortisDarkWalk","MortisDarkAttack","MortisDarkUltiAttack","MortisDarkRecoil",,"MortisDarkUltiRecoil",,,"UndertakerPushback","MortisDarkWin","MortisDarkWinloop","MortisDarkLose","MortisDarkLoseloop","MortisDarkIdle","MortisDarkWin","MortisDarkWinloop","MortisDarkWin","MortisDarkIdle","MortisDarkIdle","MortisDarkProfile","MortisDarkProfile",,,,,,"MortisBazaarIdle","MortisBazaarFace","MortisBazaarFace","MortisBazaarIdle","MortisBazaarFace","MortisBazaarIdle","MortisBazaarFace","MortisBazaarFace","MortisBazaarIdle","MortisBazaarFace","MortisBazaarFace","MortisBazaarFace",,,,"true","true",,"Mortis003UltiProjectile",,"mortis_003_ulti",,"mortis_003_atk",,,"mortis_003_atk_hit",,,,,,,"Evil_Mortis_kill_vo","Evil_Mortis_lead_vo","Evil_Mortis_start_vo","Evil_Mortis_ulti_vo","Evil_Mortis_hurt_vo","Evil_Mortis_die_vo","Evil_Mortis_atk_vo",,,,,,,,,,,,
"MechanicRedDragon","Mechanic","jessie_red_dragon_geo.scw",,"jessie_base_cam.scw","emz_intro_pose.scw",,"JunkerIdle","JunkerWalk","JunkerPrimary","JunkerUltiAttack","JunkerRecoil",,"JunkerUltiRecoil",,"JunkerReload","JunkerPushback","JunkerWin","JunkerWinloop","JunkerLose","JunkerLoseloop","JunkerIdle","JunkerWin","JunkerWinloop","JunkerWin","JunkerIdle","JunkerIdle","JunkerProfile","JunkerProfile",,,,,,"JunkerFace","JunkerFace","JunkerFace","JunkerDreamyFace","JunkerDreamyFace","JunkerDreamyFace","JunkerFace","JunkerFace","JunkerDreamyFace","JunkerFace","JunkerStillFace","JunkerFace",,,,,,,,,,,,,,,,,,,,,,,,,,,,,,,,,,,,,,,
"TurretRedDragon","MechanicTurret","turret_jessie_red_dragon_geo.scw",,"portrait_cam.scw","emz_intro_pose.scw",,"Turret","Turret","Turret","Turret","TurretAttack",,"Turret",,"Turret","TurretIdle","TurretSpawn","TurretIdle",,"TurretIdle","Turret","TurretSpawn","TurretIdle",,"TurretIdle","TurretIdle","Turret","Turret",,,,,,,,,,,,,,,,,,,,,,,,,,,,,,,,,,,,,,,,,,,,,,,,,,,,,,,,
"DrillerConstructor","Driller","jacky_constructor_geo.scw",,"jacky_portrait.scw","emz_intro_pose.scw",,"JackyIdle","JackyWalk","JackyAttack","JackySuper","JackyRecoil",,"JackySuperRecoil",,"JackyIdle","JackyIdle","JackyHappy","JackyHappyLoop","JackyLose","JackyLoseloop","JackyIdle","JackyHappy","JackyHappyLoop","JackyHappy","JackyIdle","JackyIdle","JackyPortrait","JackyPortrait",,,,,,"JackyIdle","JackyIdle","JackyWin","JackyWinLoop","JackyLose","JackyLoseLoop","JackyIdle","JackyWin","JackyWinLoop","JackyIdle","JackyPortrait","JackyIdle",,,,,,,,,,,,,,,,,,,,,,,,,,,,,,,,,,,,"driller_def_moving",,,
"WallyHawaii","Wally","sprout_hawaii_geo.scw",,"sprout_hawaii_cam.scw","emz_intro_pose.scw",,"SproutHawaiiIdle","SproutHawaiiWalk","SproutHawaiiPrimary","SproutHawaiiPrimary","SproutHawaiiRecoil",,"SproutHawaiiRecoil",,"SproutHawaiiReload","SproutHawaiiPushback","SproutWin","SproutWinloop","SproutLose","SproutLoseloop","SproutHawaiiIdle","SproutWin","SproutWinloop","SproutWin","SproutHawaiiIdle","SproutHawaiiIdle","SproutHawaiiProfile","SproutPortrait",,,,,,,,,,,,,,,,,,,,,"true","true",,,,,,,,,,,,,,,,,,,,,,,,,,,,,,,,,,
"BullDudeBarbking","BullDude","bull_barbking_geo.scw",,"bull_barbking_cam.scw","emz_intro_pose.scw",,"BullBarbkingIdle","BullBarbkingWalk","BullBarbkingPrimary","BullBarbkingSecondary","BullBarbkingRecoil",,"BullBarbkingRecoil",,"BullBarbkingReload","BullBarbkingPushback","BullBarbkingWin","BullBarbkingWinloop","BullBarbkingLose","BullBarbkingLoseloop","BullBarbkingIdle","BullBarbkingWin","BullBarbkingWinloop","BullBarbkingWin","BullBarbkingIdle","BullBarbkingIdle","BullBarbkingProfile","BullBarbkingProfile",,,,,,,,,,,,,,,,,,,,,"true",,"Bull002Projectile",,"bull_002_atk",,,"bull_002_atk_use",,,,,,,,,,,,,,,,,,,,,,,,,,,,
"MinigunDudeSummer","MinigunDude","pam_summer_geo.scw",,"pam_base_cam.scw","emz_intro_pose.scw",,"PamIdle","PamWalk","PamAttack","PamSecondary","PamRecoil",,"PamSecondaryRecoil",,"PamReload","PamPushback","PamWin","PamWinloop","PamLose","PamLoseloop","PamIdle","PamWin","PamWinloop","PamWin","PamIdle","PamIdle","PamPortrait","PamPortrait",,,,,,,,,,,,,,,,,,,,,"true","true","Pam002Projectile","Pam002UltiProjectile","pam_002_atk",,,,,,,,,,,,,,,,,,,,,,,,,,,,,,,
"BlowerTrader","Blower","gale_trader_geo.scw",,"gale_trader_cam.scw","emz_intro_pose.scw",,"GaleTraderIdle","GaleTraderWalk","GaleTraderPrimary","GaleTraderPrimary","GaleTraderRecoil",,"GaleTraderRecoil",,"GaleTraderIdle","GaleTraderPushback","GaleTraderWin","GaleTraderWinloop","GaleTraderLose","GaleTraderLoseloop","GaleTraderIdle","GaleTraderWin","GaleTraderWinloop","GaleTraderWin","GaleTraderIdle","GaleTraderIdle","GaleTraderProfile","GaleTraderProfile",,,,,,,,,,,,,,,,,,,,,"true","true","Gale002Projectile","Gale002UltiProjectile","gale_002_atk","gale_002_ulti",,,,,,,,,,,,,,,,,,,,,,,,,,,,,,
"ControllerDefaultAddon",,"peep_geo.scw",,,,,"PeepIdle",,,,,,,,,,"PeepIdle","PeepIdle","PeepIdle","PeepIdle","PeepIdle","PeepIdle","PeepIdle","PeepIdle","PeepIdle","PeepIdle","PeepPortrait","PeepPortrait",,,,,,,,,,,,,,,,,,,,,,,,,,,,,,,,,,,,,,,,,,,,,,,,,,,,,,,,
"HealingStationSummer","HealingStation","pam_summer_turret_geo.scw",,"portrait_cam.scw","emz_intro_pose.scw",,"PamTurretIdle","PamTurretIdle","PamTurretIdle","PamTurretIdle","PamTurretIdle",,"PamTurretIdle",,"PamTurretIdle","PamTurretIdle","PamTurretSpawn","PamTurretIdle",,"PamTurretIdle","PamTurretIdle",,"PamTurretIdle",,"PamTurretIdle","PamTurretIdle","PamTurretIdle","PamTurretIdle",,,,,,,,,,,,,,,,,,,,,,,,,,,,,,,,,,,,,,,,,,,,,,,,,,,,,,,,
